x,y,theta,speed,steer
-12,-2,0.785398,0.600001,-0.370601
-11.9873,-1.98727,0.778188,0.300001,-0.369846
-11.9809,-1.98095,0.774591,0.300001,-0.369471
-11.9744,-1.97466,0.770998,0.300001,-0.369096
-11.968,-1.96839,0.767409,0.300001,-0.368723
-11.9615,-1.96214,0.763823,0.300001,-0.368351
-11.955,-1.95591,0.760242,0.300001,-0.367981
-11.9485,-1.94971,0.756665,0.300001,-0.367611
-11.9419,-1.94353,0.753092,0.300001,-0.367242
-11.9354,-1.93738,0.749522,0.300001,-0.366875
-11.9288,-1.93125,0.745957,0.300001,-0.366509
-11.9222,-1.92514,0.742396,0.300001,-0.366143
-11.9155,-1.91905,0.738838,0.300001,-0.365779
-11.9089,-1.91299,0.735284,0.300001,-0.365417
-11.9022,-1.90696,0.731734,0.300001,-0.365055
-11.8955,-1.90094,0.728188,0.300001,-0.364694
-11.8888,-1.89495,0.724646,0.300001,-0.364335
-11.8821,-1.88899,0.721108,0.300001,-0.363976
-11.8753,-1.88305,0.717573,0.300001,-0.363619
-11.8685,-1.87713,0.714042,0.300001,-0.363263
-11.8617,-1.87123,0.710515,0.300001,-0.362908
-11.8549,-1.86536,0.706992,0.300001,-0.362555
-11.848,-1.85952,0.703472,0.300001,-0.362202
-11.8412,-1.8537,0.699957,0.300001,-0.361851
-11.8343,-1.8479,0.696445,0.300001,-0.3615
-11.8274,-1.84212,0.692936,0.300001,-0.361151
-11.8205,-1.83637,0.689432,0.300001,-0.360803
-11.8135,-1.83065,0.685931,0.300001,-0.360456
-11.8066,-1.82495,0.682434,0.300001,-0.360111
-11.7996,-1.81927,0.67894,0.300001,-0.359766
-11.7926,-1.81362,0.67545,0.300001,-0.359423
-11.7856,-1.80799,0.671964,0.300001,-0.359081
-11.7785,-1.80239,0.668481,0.300001,-0.35874
-11.7714,-1.79681,0.665002,0.300001,-0.3584
-11.7644,-1.79126,0.661526,0.300001,-0.358062
-11.7573,-1.78573,0.658055,0.300001,-0.357724
-11.7501,-1.78023,0.654586,0.300001,-0.357388
-11.743,-1.77475,0.651122,0.300001,-0.357053
-11.7358,-1.76929,0.64766,0.300001,-0.356719
-11.7287,-1.76386,0.644203,0.300001,-0.356386
-11.7215,-1.75846,0.640748,0.300001,-0.356055
-11.7143,-1.75308,0.637298,0.300001,-0.355724
-11.707,-1.74772,0.633851,0.300001,-0.355395
-11.6998,-1.74239,0.630407,0.300001,-0.355067
-11.6925,-1.73709,0.626967,0.300001,-0.35474
-11.6852,-1.73181,0.62353,0.300001,-0.354415
-11.6779,-1.72655,0.620096,0.300001,-0.35409
-11.6706,-1.72132,0.616666,0.300001,-0.353767
-11.6632,-1.71612,0.61324,0.300001,-0.353445
-11.6559,-1.71094,0.609817,0.300001,-0.353124
-11.6485,-1.70578,0.606397,0.300001,-0.352805
-11.6411,-1.70065,0.602981,0.300001,-0.352486
-11.6337,-1.69555,0.599568,0.300001,-0.352169
-11.6263,-1.69047,0.596158,0.300001,-0.351853
-11.6188,-1.68542,0.592751,0.300001,-0.351538
-11.6113,-1.68039,0.589348,0.300001,-0.351224
-11.6039,-1.67539,0.585949,0.300001,-0.350912
-11.5964,-1.67041,0.582552,0.300001,-0.350601
-11.5889,-1.66546,0.579159,0.300001,-0.35029
-11.5813,-1.66053,0.575769,0.300001,-0.349982
-11.5738,-1.65563,0.572382,0.300001,-0.349674
-11.5662,-1.65076,0.568999,0.300001,-0.349368
-11.5586,-1.64591,0.565619,0.300001,-0.349062
-11.551,-1.64108,0.562242,0.300001,-0.348758
-11.5434,-1.63629,0.558868,0.300001,-0.348455
-11.5358,-1.63151,0.555497,0.300001,-0.348154
-11.5281,-1.62677,0.55213,0.300001,-0.347853
-11.5205,-1.62205,0.548765,0.300001,-0.347554
-11.5128,-1.61735,0.545404,0.300001,-0.347256
-11.5051,-1.61268,0.542046,0.300001,-0.346959
-11.4974,-1.60804,0.538691,0.300001,-0.346664
-11.4897,-1.60342,0.535339,0.300001,-0.34637
-11.4819,-1.59883,0.531991,0.300001,-0.346076
-11.4742,-1.59427,0.528645,0.300001,-0.345784
-11.4664,-1.58973,0.525302,0.300001,-0.345494
-11.4586,-1.58522,0.521963,0.300001,-0.345204
-11.4508,-1.58073,0.518626,0.300001,-0.344916
-11.443,-1.57627,0.515293,0.300001,-0.344629
-11.4352,-1.57183,0.511962,0.300001,-0.344343
-11.4273,-1.56742,0.508635,0.300001,-0.344059
-11.4195,-1.56304,0.50531,0.300001,-0.343775
-11.4116,-1.55868,0.501989,0.300001,-0.343493
-11.4037,-1.55435,0.49867,0.300001,-0.343212
-11.3958,-1.55005,0.495354,0.300001,-0.342932
-11.3879,-1.54577,0.492042,0.300001,-0.342654
-11.3799,-1.54152,0.488732,0.300001,-0.342377
-11.372,-1.53729,0.485425,0.300001,-0.342101
-11.364,-1.53309,0.482121,0.300001,-0.341826
-11.356,-1.52892,0.47882,0.300001,-0.341552
-11.3481,-1.52477,0.475521,0.300001,-0.34128
-11.3401,-1.52065,0.472226,0.300001,-0.341009
-11.332,-1.51656,0.468933,0.300001,-0.340739
-11.324,-1.51249,0.465643,0.300001,-0.34047
-11.316,-1.50845,0.462356,0.300001,-0.340203
-11.3079,-1.50444,0.459072,0.300001,-0.339937
-11.2999,-1.50045,0.455791,0.300001,-0.339672
-11.2918,-1.49649,0.452512,0.300001,-0.339408
-11.2837,-1.49255,0.449236,0.300001,-0.339146
-11.2756,-1.48864,0.445963,0.300001,-0.338884
-11.2674,-1.48476,0.442692,0.300001,-0.338624
-11.2593,-1.48091,0.439425,0.300001,-0.338365
-11.2512,-1.47708,0.43616,0.300001,-0.338108
-11.243,-1.47328,0.432897,0.300001,-0.337852
-11.2348,-1.4695,0.429638,0.300001,-0.337596
-11.2267,-1.46575,0.426381,0.300001,-0.337343
-11.2185,-1.46203,0.423126,0.300001,-0.33709
-11.2103,-1.45833,0.419874,0.300001,-0.336839
-11.202,-1.45466,0.416625,0.300001,-0.336588
-11.1938,-1.45102,0.413379,0.300001,-0.33634
-11.1856,-1.44741,0.410135,0.300001,-0.336092
-11.1773,-1.44382,0.406893,0.300001,-0.335845
-11.1691,-1.44026,0.403655,0.300001,-0.3356
-11.1608,-1.43672,0.400418,0.300001,-0.335356
-11.1525,-1.43321,0.397185,0.300001,-0.335114
-11.1442,-1.42973,0.393953,0.300001,-0.334872
-11.1359,-1.42628,0.390725,0.300001,-0.334632
-11.1276,-1.42285,0.387499,0.300001,-0.334393
-11.1192,-1.41945,0.384275,0.300001,-0.334155
-11.1109,-1.41607,0.381054,0.300001,-0.333919
-11.1025,-1.41273,0.377835,0.300001,-0.333683
-11.0942,-1.40941,0.374619,0.300001,-0.333449
-11.0858,-1.40611,0.371405,0.300001,-0.333217
-11.0774,-1.40285,0.368193,0.300001,-0.332985
-11.069,-1.39961,0.364984,0.300001,-0.332755
-11.0606,-1.3964,0.361778,0.300001,-0.332526
-11.0522,-1.39321,0.358573,0.300001,-0.332298
-11.0437,-1.39005,0.355371,0.300001,-0.332071
-11.0353,-1.38692,0.352172,0.300001,-0.331846
-11.0269,-1.38382,0.348975,0.300001,-0.331622
-11.0184,-1.38074,0.34578,0.300001,-0.331399
-11.0099,-1.37769,0.342587,0.300001,-0.331177
-11.0015,-1.37466,0.339397,0.300001,-0.330957
-10.993,-1.37167,0.336209,0.300001,-0.330738
-10.9845,-1.3687,0.333023,0.300001,-0.33052
-10.976,-1.36576,0.32984,0.300001,-0.330303
-10.9675,-1.36284,0.326658,0.300001,-0.330088
-10.9589,-1.35995,0.323479,0.300001,-0.329874
-10.9504,-1.35709,0.320303,0.300001,-0.329661
-10.9419,-1.35426,0.317128,0.300001,-0.329449
-10.9333,-1.35145,0.313956,0.300001,-0.329239
-10.9247,-1.34867,0.310786,0.300001,-0.32903
-10.9162,-1.34592,0.307618,0.300001,-0.328822
-10.9076,-1.3432,0.304452,0.300001,-0.328615
-10.899,-1.3405,0.301288,0.300001,-0.328409
-10.8904,-1.33783,0.298126,0.300001,-0.328205
-10.8818,-1.33518,0.294967,0.300001,-0.328002
-10.8732,-1.33257,0.29181,0.300001,-0.327801
-10.8646,-1.32998,0.288654,0.300001,-0.3276
-10.856,-1.32742,0.285501,0.300001,-0.327401
-10.8473,-1.32488,0.28235,0.300001,-0.327203
-10.8387,-1.32237,0.279201,0.300001,-0.327006
-10.83,-1.31989,0.276054,0.300001,-0.326811
-10.8214,-1.31744,0.272909,0.300001,-0.326616
-10.8127,-1.31502,0.269766,0.300001,-0.326423
-10.804,-1.31262,0.266625,0.300001,-0.326232
-10.7953,-1.31025,0.263485,0.300001,-0.326041
-10.7867,-1.3079,0.260348,0.300001,-0.325852
-10.778,-1.30558,0.257213,0.300001,-0.325664
-10.7693,-1.3033,0.25408,0.300001,-0.325477
-10.7605,-1.30103,0.250949,0.300001,-0.325292
-10.7518,-1.2988,0.247819,0.300001,-0.325107
-10.7431,-1.29659,0.244692,0.300001,-0.324924
-10.7344,-1.29441,0.241566,0.300001,-0.324742
-10.7256,-1.29226,0.238443,0.300001,-0.324562
-10.7169,-1.29013,0.235321,0.300001,-0.324382
-10.7081,-1.28803,0.232201,0.300001,-0.324204
-10.6994,-1.28596,0.229083,0.300001,-0.324028
-10.6906,-1.28392,0.225967,0.300001,-0.323852
-10.6818,-1.2819,0.222852,0.300001,-0.323678
-10.6731,-1.27991,0.21974,0.300001,-0.323504
-10.6643,-1.27795,0.216629,0.300001,-0.323333
-10.6555,-1.27602,0.21352,0.300001,-0.323162
-10.6467,-1.27411,0.210412,0.300001,-0.322992
-10.6379,-1.27223,0.207307,0.300001,-0.322824
-10.6291,-1.27038,0.204203,0.300001,-0.322657
-10.6203,-1.26855,0.201101,0.300001,-0.322492
-10.6115,-1.26675,0.198,0.300001,-0.322327
-10.6026,-1.26498,0.194901,0.300001,-0.322164
-10.5938,-1.26324,0.191804,0.300001,-0.322002
-10.585,-1.26152,0.188709,0.300001,-0.321841
-10.5761,-1.25984,0.185615,0.300001,-0.321682
-10.5673,-1.25818,0.182523,0.300001,-0.321524
-10.5584,-1.25654,0.179433,0.300001,-0.321367
-10.5496,-1.25494,0.176344,0.300001,-0.321211
-10.5407,-1.25336,0.173257,0.300001,-0.321056
-10.5318,-1.25181,0.170171,0.300001,-0.320903
-10.523,-1.25028,0.167087,0.300001,-0.320751
-10.5141,-1.24878,0.164004,0.300001,-0.3206
-10.5052,-1.24732,0.160923,0.300001,-0.320451
-10.4963,-1.24587,0.157844,0.300001,-0.320302
-10.4874,-1.24446,0.154766,0.300001,-0.320155
-10.4786,-1.24307,0.15169,0.300001,-0.320009
-10.4697,-1.24171,0.148615,0.300001,-0.319865
-10.4608,-1.24038,0.145542,0.300001,-0.319721
-10.4519,-1.23907,0.14247,0.300001,-0.319579
-10.4429,-1.2378,0.139399,0.300001,-0.319438
-10.434,-1.23654,0.13633,0.300001,-0.319298
-10.4251,-1.23532,0.133263,0.300001,-0.31916
-10.4162,-1.23413,0.130197,0.300001,-0.319023
-10.4073,-1.23296,0.127132,0.300001,-0.318887
-10.3983,-1.23182,0.124069,0.300001,-0.318752
-10.3894,-1.2307,0.121007,0.300001,-0.318618
-10.3805,-1.22962,0.117946,0.300001,-0.318486
-10.3715,-1.22856,0.114887,0.300001,-0.318355
-10.3626,-1.22753,0.111829,0.300001,-0.318225
-10.3537,-1.22652,0.108773,0.300001,-0.318096
-10.3447,-1.22554,0.105718,0.300001,-0.317969
-10.3358,-1.22459,0.102664,0.300001,-0.317843
-10.3268,-1.22367,0.0996112,0.300001,-0.317718
-10.3179,-1.22278,0.0965599,0.300001,-0.317594
-10.3089,-1.22191,0.0935099,0.300001,-0.317472
-10.2999,-1.22107,0.0904611,0.300001,-0.31735
-10.291,-1.22026,0.0874136,0.300001,-0.31723
-10.282,-1.21947,0.0843674,0.300001,-0.317112
-10.273,-1.21871,0.0813223,0.300001,-0.316994
-10.2641,-1.21798,0.0782785,0.300001,-0.316878
-10.2551,-1.21728,0.0752358,0.300001,-0.316763
-10.2461,-1.2166,0.0721944,0.300001,-0.316649
-10.2371,-1.21595,0.0691541,0.300001,-0.316536
-10.2282,-1.21533,0.066115,0.300001,-0.316424
-10.2192,-1.21473,0.063077,0.300001,-0.316314
-10.2102,-1.21417,0.0600401,0.300001,-0.316205
-10.2012,-1.21363,0.0570044,0.300001,-0.316097
-10.1922,-1.21311,0.0539698,0.300001,-0.315991
-10.1832,-1.21263,0.0509363,0.300001,-0.315885
-10.1743,-1.21217,0.0479038,0.300001,-0.315781
-10.1653,-1.21174,0.0448724,0.300001,-0.315678
-10.1563,-1.21134,0.0418421,0.300001,-0.315577
-10.1473,-1.21096,0.0388129,0.300001,-0.315476
-10.1383,-1.21061,0.0357846,0.300001,-0.315377
-10.1293,-1.21029,0.0327574,0.300001,-0.315279
-10.1203,-1.20999,0.0297312,0.300001,-0.315182
-10.1113,-1.20973,0.0267059,0.300001,-0.315086
-10.1023,-1.20949,0.0236817,0.300001,-0.311475
-10.0933,-1.20927,0.0206945,0.300001,-0.301741
-10.0843,-1.20909,0.0178066,0.300001,-0.286068
-10.0753,-1.20893,0.0150775,0.300001,-0.264761
-10.0663,-1.20879,0.0125619,0.300001,-0.238241
-10.0573,-1.20868,0.0103087,0.300001,-0.207036
-10.0483,-1.20858,0.00835977,0.300001,-0.171763
-10.0393,-1.20851,0.00675023,0.300001,-0.133119
-10.0303,-1.20845,0.00550776,0.300001,-0.0918637
-10.0213,-1.2084,0.004653,0.300001,-0.0488066
-10.0123,-1.20836,0.0041998,0.300001,-0.00479223
-10.0033,-1.20832,0.00415533,0.300001,0.0393129
-9.99432,-1.20828,0.00452028,0.300001,0.0826345
-9.98532,-1.20824,0.00528874,0.300001,0.124304
-9.97632,-1.20819,0.00644806,0.300001,0.163079
-9.96732,-1.20814,0.00797473,0.300001,0.198584
-9.95832,-1.20806,0.00984187,0.300001,0.230074
-9.94932,-1.20798,0.0120151,0.300001,0.256605
-9.94032,-1.20787,0.0144496,0.300001,0.277917
-9.93132,-1.20774,0.0170967,0.300001,0.293531
-9.92232,-1.20758,0.0199012,0.300001,0.302989
-9.91332,-1.2074,0.0228018,0.300001,0.306221
-9.90433,-1.2072,0.0257353,0.300001,0.30313
-9.89533,-1.20697,0.0286373,0.300001,0.29376
-9.88633,-1.20671,0.0314441,0.300001,0.278449
-9.87734,-1.20643,0.0340966,0.300001,0.257412
-9.86834,-1.20612,0.0365391,0.300001,0.231081
-9.85935,-1.20579,0.0387222,0.300001,0.200312
-9.85035,-1.20544,0.040606,0.300001,0.165466
-9.84136,-1.20508,0.0421555,0.300001,0.127251
-9.83237,-1.2047,0.0433426,0.300001,0.0868556
-9.82338,-1.20431,0.0441505,0.300001,0.0447007
-9.81439,-1.20391,0.0445655,0.300001,0.0016308
-9.8054,-1.20351,0.0445806,0.300001,-0.0414876
-9.7964,-1.20311,0.0441955,0.300001,-0.0833487
-9.78741,-1.20271,0.0434203,0.300001,-0.123543
-9.77842,-1.20232,0.0422682,0.300001,-0.161243
-9.76943,-1.20194,0.040759,0.300001,-0.195307
-9.76044,-1.20157,0.0389235,0.300001,-0.225397
-9.75144,-1.20122,0.036796,0.300001,-0.250862
-9.74245,-1.20089,0.0344183,0.300001,-0.270928
-9.73346,-1.20058,0.0318412,0.300001,-0.285402
-9.72446,-1.2003,0.0291188,0.300001,-0.293944
-9.71546,-1.20003,0.0263101,0.300001,-0.296342
-9.70647,-1.1998,0.0234771,0.300001,-0.292558
-9.69747,-1.19959,0.0206824,0.300001,-0.282674
-9.68847,-1.1994,0.0179875,0.300001,-0.266887
-9.67947,-1.19924,0.0154507,0.300001,-0.24574
-9.67047,-1.1991,0.0131236,0.300001,-0.219508
-9.66147,-1.19898,0.0110536,0.300001,-0.188736
-9.65248,-1.19888,0.00928133,0.300001,-0.154419
-9.64348,-1.1988,0.00783708,0.300001,-0.116944
-9.63448,-1.19873,0.00674705,0.300001,-0.0770764
-9.62548,-1.19867,0.00603049,0.300001,-0.035632
-9.61648,-1.19861,0.00569974,0.300001,0.00610408
-9.60748,-1.19856,0.00575638,0.300001,0.0477109
-9.59848,-1.19851,0.0061994,0.300001,0.088334
-9.58948,-1.19845,0.00702113,0.300001,0.126727
-9.58048,-1.19839,0.00820329,0.300001,0.162509
-9.57148,-1.19832,0.00972452,0.300001,0.19492
-9.56248,-1.19823,0.0115563,0.300001,0.222961
-9.55348,-1.19812,0.01366,0.300001,0.246354
-9.54448,-1.198,0.0159932,0.300001,0.264571
-9.53548,-1.19786,0.0185069,0.300001,0.27719
-9.52648,-1.19769,0.0211467,0.300001,0.283836
-9.51748,-1.1975,0.0238533,0.300001,0.28447
-9.50849,-1.19729,0.0265663,0.300001,0.279053
-9.49949,-1.19705,0.0292249,0.300001,0.267802
-9.49049,-1.19678,0.0317708,0.300001,0.250886
-9.4815,-1.1965,0.0341487,0.300001,0.228656
-9.4725,-1.19619,0.036308,0.300001,0.201864
-9.46351,-1.19586,0.0382069,0.300001,0.170838
-9.45451,-1.19552,0.0398076,0.300001,0.136225
-9.44552,-1.19516,0.0410794,0.300001,0.0987472
-9.43653,-1.19479,0.0419986,0.300001,0.0596029
-9.42754,-1.19441,0.0425523,0.300001,0.0192064
-9.41855,-1.19403,0.0427305,0.300001,-0.0216053
-9.40955,-1.19365,0.04253,0.300001,-0.0615562
-9.40056,-1.19326,0.0419581,0.300001,-0.100243
-9.39157,-1.19289,0.0410249,0.300001,-0.136849
-9.38258,-1.19252,0.0397472,0.300001,-0.170234
-9.37358,-1.19216,0.0381522,0.300001,-0.200062
-9.36459,-1.19182,0.0362708,0.300001,-0.225673
-9.3556,-1.19149,0.0341407,0.300001,-0.24649
-9.3466,-1.19118,0.0318062,0.300001,-0.261864
-9.33761,-1.1909,0.0293194,0.300001,-0.271653
-9.32861,-1.19063,0.026735,0.300001,-0.275613
-9.31961,-1.19039,0.024111,0.300001,-0.27365
-9.31062,-1.19018,0.0215066,0.300001,-0.265829
-9.30162,-1.18998,0.0189804,0.300001,-0.252301
-9.29262,-1.18981,0.0165884,0.300001,-0.233548
-9.28362,-1.18966,0.0143812,0.300001,-0.209824
-9.27462,-1.18953,0.0124053,0.300001,-0.18163
-9.26562,-1.18942,0.0107013,0.300001,-0.149568
-9.25662,-1.18932,0.00930312,0.300001,-0.114695
-9.24762,-1.18924,0.00823424,0.300001,-0.0774032
-9.23862,-1.18917,0.00751463,0.300001,-0.0384787
-9.22962,-1.1891,0.00715743,0.300001,0.000832869
-9.22062,-1.18904,0.00716516,0.300001,0.0401217
-9.21162,-1.18897,0.00753762,0.300001,0.0785561
-9.20262,-1.1889,0.008268,0.300001,0.114921
-9.19362,-1.18883,0.009339,0.300001,0.148844
-9.18463,-1.18874,0.0107303,0.300001,0.179587
-9.17563,-1.18865,0.0124147,0.300001,0.206462
-9.16663,-1.18854,0.0143581,0.300001,0.228619
-9.15763,-1.18841,0.016517,0.300001,0.245834
-9.14863,-1.18826,0.0188451,0.300001,0.2577
-9.13963,-1.18809,0.0212905,0.300001,0.263856
-9.13063,-1.1879,0.0237971,0.300001,0.264268
-9.12163,-1.18768,0.0263078,0.300001,0.258902
-9.11264,-1.18745,0.0287651,0.300001,0.247975
-9.10364,-1.18719,0.0311143,0.300001,0.231656
-9.09465,-1.18691,0.033303,0.300001,0.21029
-9.08565,-1.18661,0.0352834,0.300001,0.184338
-9.07666,-1.18629,0.0370134,0.300001,0.154685
-9.06766,-1.18596,0.0384602,0.300001,0.121687
-9.05867,-1.18561,0.0395948,0.300001,0.0860506
-9.04968,-1.18525,0.0403952,0.300001,0.0489477
-9.04068,-1.18489,0.0408498,0.300001,0.0107819
-9.03169,-1.18452,0.0409498,0.300001,-0.0276306
-9.0227,-1.18416,0.0406934,0.300001,-0.065052
-9.01371,-1.18379,0.0400889,0.300001,-0.101093
-9.00471,-1.18343,0.0391477,0.300001,-0.134968
-8.99572,-1.18308,0.0378878,0.300001,-0.165926
-8.98673,-1.18274,0.036334,0.300001,-0.192969
-8.97773,-1.18241,0.034521,0.300001,-0.215819
-8.96874,-1.1821,0.0324869,0.300001,-0.233943
-8.95974,-1.18181,0.0302758,0.300001,-0.246765
-8.95075,-1.18153,0.0279386,0.300001,-0.25417
-8.94175,-1.18128,0.0255281,0.300001,-0.255963
-8.93275,-1.18105,0.0231,0.300001,-0.252122
-8.92375,-1.18084,0.0207098,0.300001,-0.242731
-8.91476,-1.18066,0.0184124,0.300001,-0.227984
-8.90576,-1.18049,0.0162596,0.300001,-0.208196
-8.89676,-1.18035,0.0142995,0.300001,-0.184069
-8.88776,-1.18022,0.0125721,0.300001,-0.15591
-8.87876,-1.1801,0.0111136,0.300001,-0.124334
-8.86976,-1.18,0.00995403,0.300001,-0.0904076
-8.86076,-1.17991,0.0091129,0.300001,-0.054518
-8.85176,-1.17983,0.00860656,0.300001,-0.0174441
-8.84276,-1.17975,0.00844469,0.300001,0.0195934
-8.83376,-1.17968,0.00862651,0.300001,0.0561989
-8.82476,-1.1796,0.0091485,0.300001,0.0915696
-8.81576,-1.17952,0.0100005,0.300001,0.12492
-8.80676,-1.17943,0.0111656,0.300001,0.155161
-8.79776,-1.17933,0.0126169,0.300001,0.181974
-8.78877,-1.17921,0.0143242,0.300001,0.204739
-8.77977,-1.17909,0.0162509,0.300001,0.222717
-8.77077,-1.17894,0.0183522,0.300001,0.235727
-8.76177,-1.17877,0.0205808,0.300001,0.243448
-8.75277,-1.17859,0.0228853,0.300001,0.245651
-8.74377,-1.17838,0.0252115,0.300001,0.242348
-8.73478,-1.17816,0.0275052,0.300001,0.233592
-8.72578,-1.17791,0.0297129,0.300001,0.219565
-8.71678,-1.17764,0.0317835,0.300001,0.200784
-8.70779,-1.17736,0.0336718,0.300001,0.177505
-8.69879,-1.17705,0.0353363,0.300001,0.150241
-8.6898,-1.17673,0.0367409,0.300001,0.119942
-8.6808,-1.1764,0.0378591,0.300001,0.0869682
-8.67181,-1.17606,0.0386681,0.300001,0.0520481
-8.66282,-1.17572,0.0391515,0.300001,0.0163575
-8.65382,-1.17536,0.0393032,0.300001,-0.0197094
-8.64483,-1.17501,0.0391203,0.300001,-0.0553541
-8.63584,-1.17466,0.0386062,0.300001,-0.0897793
-8.62684,-1.17431,0.037771,0.300001,-0.121841
-8.61785,-1.17397,0.0366349,0.300001,-0.151196
-8.60886,-1.17364,0.0352212,0.300001,-0.177168
-8.59986,-1.17332,0.03356,0.300001,-0.198894
-8.59087,-1.17302,0.0316898,0.300001,-0.216151
-8.58187,-1.17274,0.0296525,0.300001,-0.228516
-8.57288,-1.17247,0.0274945,0.300001,-0.235596
-8.56388,-1.17222,0.0252672,0.300001,-0.237341
-8.55488,-1.17199,0.0230228,0.300001,-0.233688
-8.54588,-1.17179,0.0208142,0.300001,-0.224698
-8.53689,-1.1716,0.0186935,0.300001,-0.210724
-8.52789,-1.17143,0.0167089,0.300001,-0.191969
-8.51889,-1.17128,0.0149055,0.300001,-0.168852
-8.50989,-1.17115,0.0133238,0.300001,-0.142199
-8.50089,-1.17103,0.0119954,0.300001,-0.112343
-8.49189,-1.17092,0.0109487,0.300001,-0.0799548
-8.48289,-1.17082,0.0102052,0.300001,-0.04615
-8.47389,-1.17073,0.00977672,0.300001,-0.0113151
-8.46489,-1.17064,0.00967173,0.300001,0.0237683
-8.45589,-1.17055,0.0098923,0.300001,0.0583069
-8.44689,-1.17047,0.0104339,0.300001,0.0911321
-8.43789,-1.17037,0.0112818,0.300001,0.121887
-8.42889,-1.17027,0.0124184,0.300001,0.149859
-8.4199,-1.17016,0.0138193,0.300001,0.174104
-8.4109,-1.17003,0.0154512,0.300001,0.194366
-8.4019,-1.16989,0.0172777,0.300001,0.210152
-8.3929,-1.16974,0.0192568,0.300001,0.22094
-8.3839,-1.16957,0.0213408,0.300001,0.226636
-8.3749,-1.16937,0.0234804,0.300001,0.227081
-8.3659,-1.16916,0.0256243,0.300001,0.22224
-8.35691,-1.16893,0.0277209,0.300001,0.212323
-8.34791,-1.16868,0.0297211,0.300001,0.197488
-8.33892,-1.16841,0.0315777,0.300001,0.178066
-8.32992,-1.16813,0.0332475,0.300001,0.154772
-8.32092,-1.16783,0.0346951,0.300001,0.12791
-8.31193,-1.16752,0.0358884,0.300001,0.0980895
-8.30294,-1.1672,0.0368015,0.300001,0.0663636
-8.29394,-1.16687,0.0374181,0.300001,0.0331066
-8.28495,-1.16653,0.0377254,0.300001,-0.000924137
-8.27595,-1.16619,0.0377168,0.300001,-0.0349486
-8.26696,-1.16585,0.0373924,0.300001,-0.0677941
-8.25797,-1.16551,0.0367625,0.300001,-0.0990966
-8.24897,-1.16518,0.03584,0.300001,-0.128123
-8.23998,-1.16486,0.0346447,0.300001,-0.153879
-8.23098,-1.16455,0.0332055,0.300001,-0.176086
-8.22199,-1.16425,0.0315546,0.300001,-0.194201
-8.21299,-1.16397,0.0297298,0.300001,-0.207613
-8.204,-1.1637,0.0277753,0.300001,-0.216192
-8.195,-1.16345,0.0257376,0.300001,-0.219709
-8.186,-1.16322,0.0236656,0.300001,-0.218056
-8.17701,-1.163,0.0216097,0.300001,-0.211329
-8.16801,-1.16281,0.0196192,0.300001,-0.199649
-8.15901,-1.16263,0.0177417,0.300001,-0.183278
-8.15001,-1.16247,0.0160219,0.300001,-0.162833
-8.14101,-1.16233,0.0144976,0.300001,-0.13859
-8.13201,-1.1622,0.0132034,0.300001,-0.111111
-8.12301,-1.16208,0.0121682,0.300001,-0.0813856
-8.11402,-1.16197,0.0114114,0.300001,-0.0497757
-8.10502,-1.16187,0.0109492,0.300001,-0.0170126
-8.09602,-1.16177,0.0107913,0.300001,0.0161411
-8.08702,-1.16167,0.0109411,0.300001,0.0485216
-8.07802,-1.16157,0.0113916,0.300001,0.079762
-8.06902,-1.16147,0.0121333,0.300001,0.109122
-8.06002,-1.16136,0.0131498,0.300001,0.13558
-8.05102,-1.16124,0.0144155,0.300001,0.158843
-8.04202,-1.16111,0.0159018,0.300001,0.178339
-8.03302,-1.16097,0.0175743,0.300001,0.193399
-8.02402,-1.16081,0.0193914,0.300001,0.203868
-8.01502,-1.16064,0.0213097,0.300001,0.209471
-8.00603,-1.16045,0.0232822,0.300001,0.210047
-7.99703,-1.16024,0.0252602,0.300001,0.205612
-7.98803,-1.16001,0.0271953,0.300001,0.196259
-7.97903,-1.15976,0.02904,0.300001,0.182196
-7.97004,-1.1595,0.0307495,0.300001,0.163967
-7.96104,-1.15923,0.0322846,0.300001,0.141828
-7.95205,-1.15894,0.0336094,0.300001,0.116297
-7.94305,-1.15863,0.0346934,0.300001,0.0879752
-7.93406,-1.15832,0.0355117,0.300001,0.0578981
-7.92506,-1.158,0.0360495,0.300001,0.0264331
-7.91607,-1.15768,0.0362949,0.300001,-0.00567593
-7.90708,-1.15735,0.0362422,0.300001,-0.0372805
-7.89808,-1.15702,0.0358961,0.300001,-0.0680151
-7.88909,-1.1567,0.0352641,0.300001,-0.0971413
-7.88009,-1.15638,0.0343599,0.300001,-0.123627
-7.8711,-1.15607,0.033207,0.300001,-0.147176
-7.8621,-1.15578,0.0318315,0.300001,-0.167202
-7.85311,-1.15549,0.0302655,0.300001,-0.183195
-7.84411,-1.15522,0.0285465,0.300001,-0.194602
-7.83511,-1.15496,0.0267177,0.300001,-0.201312
-7.82612,-1.15472,0.0248242,0.300001,-0.203136
-7.81712,-1.1545,0.0229131,0.300001,-0.200043
-7.80812,-1.15429,0.0210319,0.300001,-0.192111
-7.79912,-1.1541,0.0192271,0.300001,-0.179514
-7.79013,-1.15393,0.0175434,0.300001,-0.162751
-7.78113,-1.15377,0.0160199,0.300001,-0.142064
-7.77213,-1.15363,0.0146928,0.300001,-0.117944
-7.76313,-1.15349,0.0135934,0.300001,-0.0909686
-7.75413,-1.15337,0.012747,0.300001,-0.0621413
-7.74513,-1.15326,0.0121697,0.300001,-0.0318227
-7.73613,-1.15315,0.0118743,0.300001,-0.000741466
-7.72713,-1.15304,0.0118674,0.300001,0.0299705
-7.71813,-1.15293,0.0121456,0.300001,0.059951
-7.70913,-1.15282,0.0127025,0.300001,0.0884683
-7.70013,-1.15271,0.0135255,0.300001,0.114495
-7.69114,-1.15259,0.0145925,0.300001,0.137735
-7.68214,-1.15246,0.0158786,0.300001,0.157601
-7.67314,-1.15231,0.0173531,0.300001,0.173582
-7.66414,-1.15216,0.01898,0.300001,0.185114
-7.65514,-1.15199,0.0207175,0.300001,0.192083
-7.64614,-1.1518,0.022522,0.300001,0.194293
-7.63714,-1.1516,0.0243477,0.300001,0.191696
-7.62815,-1.15138,0.0261485,0.300001,0.184363
-7.61915,-1.15114,0.0278787,0.300001,0.172457
-7.61015,-1.15089,0.0294949,0.300001,0.156459
-7.60116,-1.15063,0.0309585,0.300001,0.136602
-7.59216,-1.15035,0.0322339,0.300001,0.113366
-7.58317,-1.15006,0.0332903,0.300001,0.0873144
-7.57417,-1.14976,0.0341025,0.300001,0.0594346
-7.56518,-1.14945,0.0346546,0.300001,0.0300812
-7.55618,-1.14914,0.0349338,0.300001,-2.83382e-05
-7.54719,-1.14883,0.0349335,0.300001,-0.0297783
-7.53819,-1.14851,0.0346571,0.300001,-0.0588116
-7.5292,-1.1482,0.0341108,0.300001,-0.0864071
-7.5202,-1.14789,0.0333071,0.300001,-0.111554
-7.51121,-1.14759,0.0322678,0.300001,-0.133961
-7.50221,-1.1473,0.0310173,0.300001,-0.153052
-7.49322,-1.14702,0.0295861,0.300001,-0.168329
-7.48422,-1.14676,0.0280093,0.300001,-0.179243
-7.47522,-1.14651,0.0263282,0.300001,-0.185688
-7.46623,-1.14627,0.0245852,0.300001,-0.187477
-7.45723,-1.14605,0.0228251,0.300001,-0.184578
-7.44823,-1.14584,0.0210928,0.300001,-0.177064
-7.43924,-1.14565,0.0194325,0.300001,-0.165108
-7.43024,-1.14548,0.0178865,0.300001,-0.149198
-7.42124,-1.14532,0.0164918,0.300001,-0.129569
-7.41224,-1.14517,0.0152829,0.300001,-0.106702
-7.40324,-1.14503,0.0142891,0.300001,-0.081162
-7.39424,-1.1449,0.0135344,0.300001,-0.0539325
-7.38524,-1.14478,0.0130335,0.300001,-0.0253644
-7.37624,-1.14466,0.0127981,0.300001,0.00383108
-7.36724,-1.14455,0.0128336,0.300001,0.0325541
-7.35824,-1.14443,0.0131358,0.300001,0.0604545
-7.34924,-1.14431,0.0136974,0.300001,0.0868261
-7.34025,-1.14419,0.014505,0.300001,0.110687
-7.33125,-1.14406,0.0155362,0.300001,0.131757
-7.32225,-1.14392,0.0167658,0.300001,0.149484
-7.31325,-1.14377,0.0181632,0.300001,0.163396
-7.30425,-1.14361,0.0196929,0.300001,0.172989
-7.29525,-1.14343,0.0213142,0.300001,0.17817
-7.28625,-1.14324,0.022985,0.300001,0.178783
-7.27726,-1.14303,0.0246618,0.300001,0.174841
-7.26826,-1.14281,0.0263007,0.300001,0.166431
-7.25926,-1.14257,0.0278594,0.300001,0.153753
-7.25027,-1.14232,0.0292973,0.300001,0.137327
-7.24127,-1.14206,0.0305795,0.300001,0.117397
-7.23227,-1.14178,0.0316738,0.300001,0.0944613
-7.22328,-1.1415,0.0325529,0.300001,0.0690952
-7.21428,-1.1412,0.033195,0.300001,0.0422899
-7.20529,-1.1409,0.0335876,0.300001,0.0143946
-7.19629,-1.1406,0.0337212,0.300001,-0.0138831
-7.1873,-1.1403,0.0335924,0.300001,-0.0414605
-7.1783,-1.14,0.0332074,0.300001,-0.0679969
-7.16931,-1.1397,0.0325756,0.300001,-0.0928066
-7.16031,-1.1394,0.031712,0.300001,-0.114951
-7.15132,-1.13912,0.0306407,0.300001,-0.134167
-7.14232,-1.13884,0.0293883,0.300001,-0.14994
-7.13333,-1.13858,0.0279866,0.300001,-0.16184
-7.12433,-1.13833,0.0264718,0.300001,-0.169431
-7.11533,-1.13809,0.0248845,0.300001,-0.172649
-7.10633,-1.13787,0.0232665,0.300001,-0.171385
-7.09734,-1.13766,0.0216606,0.300001,-0.165726
-7.08834,-1.13746,0.0201086,0.300001,-0.155783
-7.07934,-1.13728,0.0186514,0.300001,-0.141798
-7.07034,-1.13711,0.0173269,0.300001,-0.124351
-7.06134,-1.13696,0.0161671,0.300001,-0.103699
-7.05234,-1.13681,0.0152015,0.300001,-0.0803684
-7.04335,-1.13667,0.0144542,0.300001,-0.0549554
-7.03435,-1.13654,0.0139438,0.300001,-0.028467
-7.02535,-1.13642,0.0136796,0.300001,-0.00125105
-7.01635,-1.1363,0.013668,0.300001,0.025988
-7.00735,-1.13617,0.0139092,0.300001,0.052191
-6.99835,-1.13605,0.0143938,0.300001,0.0770305
-6.98935,-1.13592,0.01511,0.300001,0.09985
-6.98035,-1.13578,0.0160395,0.300001,0.119773
-6.97135,-1.13564,0.0171562,0.300001,0.136562
-6.96235,-1.13548,0.0184312,0.300001,0.149756
-6.95336,-1.13532,0.0198311,0.300001,0.158983
-6.94436,-1.13514,0.0213188,0.300001,0.16391
-6.93536,-1.13495,0.0228534,0.300001,0.164505
-6.92636,-1.13474,0.0243937,0.300001,0.160729
-6.91736,-1.13452,0.0258979,0.300001,0.152771
-6.90837,-1.13429,0.0273265,0.300001,0.14077
-6.89937,-1.13404,0.0286414,0.300001,0.125031
-6.89037,-1.13378,0.0298075,0.300001,0.10621
-6.88138,-1.13352,0.0307967,0.300001,0.084581
-6.87238,-1.13324,0.0315834,0.300001,0.0607056
-6.86339,-1.13296,0.0321473,0.300001,0.0352073
-6.85439,-1.13267,0.0324741,0.300001,0.00910937
-6.8454,-1.13237,0.0325586,0.300001,-0.0172435
-6.8364,-1.13208,0.0323986,0.300001,-0.0431542
-6.82741,-1.13179,0.031998,0.300001,-0.0675997
-6.81841,-1.1315,0.0313698,0.300001,-0.090272
-6.80942,-1.13122,0.0305299,0.300001,-0.110556
-6.80042,-1.13094,0.0295,0.300001,-0.127663
-6.79142,-1.13068,0.028309,0.300001,-0.141389
-6.78243,-1.13042,0.0269883,0.300001,-0.151345
-6.77343,-1.13018,0.0255732,0.300001,-0.15724
-6.76443,-1.12995,0.0241022,0.300001,-0.15887
-6.75544,-1.12973,0.0226156,0.300001,-0.156247
-6.74644,-1.12953,0.0211539,0.300001,-0.149422
-6.73744,-1.12934,0.0197571,0.300001,-0.138708
-6.72844,-1.12916,0.0184618,0.300001,-0.124282
-6.71944,-1.129,0.0173027,0.300001,-0.106521
-6.71044,-1.12884,0.0163106,0.300001,-0.0861691
-6.70145,-1.12869,0.0155091,0.300001,-0.0635211
-6.69245,-1.12855,0.014919,0.300001,-0.0391766
-6.68345,-1.12842,0.0145553,0.300001,-0.0137853
-6.67445,-1.12829,0.0144274,0.300001,0.0116206
-6.66545,-1.12816,0.0145352,0.300001,0.0367041
-6.65645,-1.12803,0.0148759,0.300001,0.0607855
-6.64745,-1.12789,0.0154406,0.300001,0.0829002
-6.63845,-1.12776,0.0162115,0.300001,0.102768
-6.62945,-1.12761,0.0171684,0.300001,0.119835
-6.62045,-1.12745,0.0182857,0.300001,0.13343
-6.61146,-1.12729,0.0195311,0.300001,0.143396
-6.60246,-1.12711,0.0208707,0.300001,0.149437
-6.59346,-1.12693,0.0222677,0.300001,0.151367
-6.58446,-1.12673,0.023683,0.300001,0.14914
-6.57546,-1.12651,0.0250771,0.300001,0.142824
-6.56647,-1.12629,0.0264114,0.300001,0.132572
-6.55747,-1.12605,0.0276487,0.300001,0.118841
-6.54847,-1.1258,0.0287565,0.300001,0.101852
-6.53948,-1.12554,0.0297048,0.300001,0.0820565
-6.53048,-1.12528,0.0304679,0.300001,0.0602915
-6.52149,-1.125,0.031028,0.300001,0.0368689
-6.51249,-1.12472,0.0313702,0.300001,0.0124226
-6.50349,-1.12444,0.0314855,0.300001,-0.0123802
-6.4945,-1.12416,0.0313706,0.300001,-0.0365178
-6.4855,-1.12387,0.0310317,0.300001,-0.0596691
-6.47651,-1.12359,0.0304774,0.300001,-0.0811898
-6.46751,-1.12332,0.0297224,0.300001,-0.100206
-6.45852,-1.12305,0.0287895,0.300001,-0.116477
-6.44952,-1.12279,0.0277039,0.300001,-0.129535
-6.44052,-1.12254,0.0264952,0.300001,-0.138864
-6.43153,-1.12231,0.0251985,0.300001,-0.144366
-6.42253,-1.12208,0.0238496,0.300001,-0.145864
-6.41353,-1.12186,0.0224865,0.300001,-0.143295
-6.40453,-1.12166,0.0211478,0.300001,-0.136803
-6.39554,-1.12147,0.0198705,0.300001,-0.126514
-6.38654,-1.12129,0.0186904,0.300001,-0.112699
-6.37754,-1.12112,0.0176403,0.300001,-0.0959685
-6.36854,-1.12097,0.0167471,0.300001,-0.0765813
-6.35954,-1.12082,0.0160351,0.300001,-0.0550677
-6.35054,-1.12067,0.0155237,0.300001,-0.0323437
-6.34154,-1.12053,0.0152235,0.300001,-0.00873241
-6.33254,-1.12039,0.0151425,0.300001,0.0151117
-6.32355,-1.12026,0.0152827,0.300001,0.038521
-6.31455,-1.12012,0.0156403,0.300001,0.0605186
-6.30555,-1.11998,0.0162025,0.300001,0.080812
-6.29655,-1.11983,0.0169539,0.300001,0.0988189
-6.28755,-1.11968,0.0178738,0.300001,0.1138
-6.27855,-1.11952,0.0189342,0.300001,0.125571
-6.26955,-1.11935,0.0201055,0.300001,0.133778
-6.26055,-1.11917,0.0213542,0.300001,0.138103
-6.25156,-1.11898,0.0226438,0.300001,0.13852
-6.24256,-1.11877,0.0239373,0.300001,0.134995
-6.23356,-1.11856,0.0251975,0.300001,0.127609
-6.22456,-1.11833,0.026388,0.300001,0.116711
-6.21557,-1.11809,0.0274758,0.300001,0.10249
-6.20657,-1.11785,0.0284301,0.300001,0.0853367
-6.19757,-1.11759,0.0292238,0.300001,0.0660073
-6.18858,-1.11733,0.0298372,0.300001,0.0447944
-6.17958,-1.11706,0.0302531,0.300001,0.0222929
-6.17059,-1.11679,0.0304599,0.300001,-0.000530651
-6.16159,-1.11651,0.030455,0.300001,-0.023354
-6.15259,-1.11624,0.0302383,0.300001,-0.0455272
-6.1436,-1.11597,0.0298156,0.300001,-0.0664113
-6.1346,-1.1157,0.0291985,0.300001,-0.0851241
-6.12561,-1.11544,0.0284067,0.300001,-0.101418
-6.11661,-1.11518,0.0274625,0.300001,-0.11481
-6.10761,-1.11493,0.0263926,0.300001,-0.124747
-6.09862,-1.1147,0.0252291,0.300001,-0.131116
-6.08962,-1.11447,0.0240055,0.300001,-0.133713
-6.08062,-1.11425,0.0227574,0.300001,-0.132459
-6.07162,-1.11405,0.0215212,0.300001,-0.127406
-6.06263,-1.11385,0.0203326,0.300001,-0.118682
-6.05363,-1.11367,0.0192262,0.300001,-0.106522
-6.04463,-1.1135,0.0182341,0.300001,-0.0914876
-6.03563,-1.11333,0.0173829,0.300001,-0.0738222
-6.02663,-1.11318,0.0166967,0.300001,-0.0540268
-6.01763,-1.11303,0.0161949,0.300001,-0.0329783
-6.00863,-1.11288,0.0158888,0.300001,-0.0109896
-5.99964,-1.11274,0.0157869,0.300001,0.0113063
-5.99064,-1.1126,0.0158918,0.300001,0.0329416
-5.98164,-1.11245,0.0161975,0.300001,0.053613
-5.97264,-1.11231,0.0166954,0.300001,0.0727134
-5.96364,-1.11216,0.0173713,0.300001,0.0896737
-5.95464,-1.112,0.0182056,0.300001,0.103771
-5.94564,-1.11184,0.0191719,0.300001,0.114825
-5.93664,-1.11166,0.020242,0.300001,0.122491
-5.92765,-1.11148,0.0213842,0.300001,0.126463
-5.91865,-1.11129,0.0225639,0.300001,0.126715
-5.90965,-1.11109,0.0237459,0.300001,0.12322
-5.90065,-1.11087,0.024895,0.300001,0.116166
-5.89166,-1.11065,0.0259777,0.300001,0.10569
-5.88266,-1.11042,0.026962,0.300001,0.092086
-5.87366,-1.11017,0.0278189,0.300001,0.0757408
-5.86467,-1.10992,0.028523,0.300001,0.0574034
-5.85567,-1.10967,0.0290562,0.300001,0.0373611
-5.84667,-1.1094,0.029403,0.300001,0.0161987
-5.83768,-1.10914,0.0295533,0.300001,-0.00513979
-5.82868,-1.10887,0.0295056,0.300001,-0.0263417
-5.81969,-1.10861,0.0292611,0.300001,-0.0467782
-5.81069,-1.10834,0.0288268,0.300001,-0.0655525
-5.80169,-1.10809,0.0282177,0.300001,-0.0824046
-5.7927,-1.10783,0.0274514,0.300001,-0.0968208
-5.7837,-1.10758,0.0265502,0.300001,-0.108354
-5.7747,-1.10735,0.0255409,0.300001,-0.116513
-5.76571,-1.10712,0.0244549,0.300001,-0.121209
-5.75671,-1.1069,0.0233248,0.300001,-0.122278
-5.74771,-1.10669,0.0221845,0.300001,-0.119706
-5.73871,-1.10649,0.0210685,0.300001,-0.113567
-5.72971,-1.1063,0.0200103,0.300001,-0.104026
-5.72072,-1.10612,0.0190416,0.300001,-0.0915457
-5.71172,-1.10594,0.0181898,0.300001,-0.0763402
-5.70272,-1.10578,0.0174801,0.300001,-0.0588537
-5.69372,-1.10562,0.0169334,0.300001,-0.0396028
-5.68472,-1.10547,0.0165658,0.300001,-0.0194712
-5.67572,-1.10532,0.0163851,0.300001,0.00123297
-5.66672,-1.10517,0.0163965,0.300001,0.0218876
-5.65773,-1.10503,0.0165996,0.300001,0.0415627
-5.64873,-1.10488,0.0169855,0.300001,0.0599742
-5.63973,-1.10473,0.0175426,0.300001,0.0765562
-5.63073,-1.10457,0.0182543,0.300001,0.0907911
-5.62173,-1.1044,0.019099,0.300001,0.102053
-5.61273,-1.10423,0.0200492,0.300001,0.110197
-5.60373,-1.10405,0.0210758,0.300001,0.114955
-5.59474,-1.10386,0.0221472,0.300001,0.116141
-5.58574,-1.10366,0.0232296,0.300001,0.113772
-5.57674,-1.10345,0.0242898,0.300001,0.107899
-5.56774,-1.10323,0.0252949,0.300001,0.0988258
-5.55875,-1.10301,0.0262148,0.300001,0.0867229
-5.54975,-1.10277,0.0270215,0.300001,0.071946
-5.54075,-1.10253,0.0276902,0.300001,0.0549371
-5.53176,-1.10228,0.0282004,0.300001,0.0364997
-5.52276,-1.10202,0.0285392,0.300001,0.0169285
-5.51376,-1.10177,0.0286963,0.300001,-0.00317959
-5.50477,-1.10151,0.0286668,0.300001,-0.0228957
-5.49577,-1.10125,0.0284543,0.300001,-0.041924
-5.48677,-1.101,0.0280651,0.300001,-0.0596724
-5.47778,-1.10074,0.0275108,0.300001,-0.0753352
-5.46878,-1.1005,0.0268105,0.300001,-0.0886922
-5.45978,-1.10025,0.0259854,0.300001,-0.0993139
-5.45079,-1.10002,0.0250609,0.300001,-0.106851
-5.44179,-1.09979,0.0240657,0.300001,-0.110982
-5.43279,-1.09958,0.0230317,0.300001,-0.111674
-5.4238,-1.09937,0.0219912,0.300001,-0.108887
-5.4148,-1.09917,0.0209769,0.300001,-0.102784
-5.4058,-1.09898,0.0200199,0.300001,-0.093494
-5.3968,-1.0988,0.0191499,0.300001,-0.0812906
-5.3878,-1.09863,0.0183939,0.300001,-0.0667729
-5.3788,-1.09847,0.0177735,0.300001,-0.0501896
-5.36981,-1.09831,0.0173074,0.300001,-0.0320489
-5.36081,-1.09815,0.0170099,0.300001,-0.0129131
-5.35181,-1.098,0.0168901,0.300001,0.00631117
-5.34281,-1.09785,0.0169487,0.300001,0.0253246
-5.33381,-1.09769,0.0171837,0.300001,0.0435268
-5.32481,-1.09754,0.0175878,0.300001,0.0600706
-5.31581,-1.09738,0.0181458,0.300001,0.074714
-5.30681,-1.09722,0.0188404,0.300001,0.0869813
-5.29782,-1.09705,0.0196495,0.300001,0.0963166
-5.28882,-1.09687,0.0205459,0.300001,0.102601
-5.27982,-1.09669,0.0215012,0.300001,0.105616
-5.27082,-1.09649,0.0224848,0.300001,0.105246
-5.26182,-1.09629,0.023465,0.300001,0.10154
-5.25283,-1.09608,0.0244103,0.300001,0.0945924
-5.24383,-1.09586,0.0252906,0.300001,0.084607
-5.23483,-1.09563,0.0260775,0.300001,0.0720906
-5.22584,-1.0954,0.0267476,0.300001,0.0572677
-5.21684,-1.09516,0.0272795,0.300001,0.0405998
-5.20784,-1.09491,0.0276564,0.300001,0.0228988
-5.19885,-1.09466,0.0278689,0.300001,0.00445461
-5.18985,-1.09441,0.0279102,0.300001,-0.0141472
-5.18085,-1.09416,0.027779,0.300001,-0.0323092
-5.17186,-1.09391,0.0274791,0.300001,-0.0491653
-5.16286,-1.09366,0.0270225,0.300001,-0.0644603
-5.15386,-1.09342,0.0264236,0.300001,-0.0776901
-5.14487,-1.09318,0.0257013,0.300001,-0.0882385
-5.13587,-1.09295,0.0248805,0.300001,-0.0959626
-5.12687,-1.09273,0.0239874,0.300001,-0.100594
-5.11787,-1.09251,0.0230509,0.300001,-0.101939
-5.10888,-1.0923,0.0221017,0.300001,-0.10001
-5.09988,-1.0921,0.0211707,0.300001,-0.0948491
-5.09088,-1.09191,0.020288,0.300001,-0.0866071
-5.08188,-1.09173,0.0194824,0.300001,-0.0757166
-5.07288,-1.09156,0.0187786,0.300001,-0.0623819
-5.06389,-1.09139,0.018199,0.300001,-0.0470249
-5.05489,-1.09122,0.0177624,0.300001,-0.0304129
-5.04589,-1.09106,0.0174801,0.300001,-0.0128273
-5.03689,-1.09091,0.0173611,0.300001,0.00516341
-5.02789,-1.09075,0.017409,0.300001,0.0226803
-5.01889,-1.09059,0.0176195,0.300001,0.0394457
-5.00989,-1.09043,0.0179856,0.300001,0.0549056
-5.00089,-1.09027,0.0184956,0.300001,0.0685419
-4.9919,-1.09011,0.0191325,0.300001,0.0797036
-4.9829,-1.08993,0.0198736,0.300001,0.0882326
-4.9739,-1.08975,0.0206944,0.300001,0.0938295
-4.9649,-1.08957,0.0215676,0.300001,0.0962482
-4.9559,-1.08937,0.0224634,0.300001,0.0954815
-4.94691,-1.08917,0.023352,0.300001,0.0915353
-4.93791,-1.08896,0.0242037,0.300001,0.0846376
-4.92891,-1.08874,0.0249908,0.300001,0.0749335
-4.91991,-1.08852,0.0256874,0.300001,0.062729
-4.91092,-1.08829,0.0262702,0.300001,0.0484168
-4.90192,-1.08805,0.0267198,0.300001,0.0327299
-4.89292,-1.08781,0.0270236,0.300001,0.0159417
-4.88393,-1.08757,0.0271715,0.300001,-0.00139395
-4.87493,-1.08732,0.0271586,0.300001,-0.0184106
-4.86593,-1.08708,0.0269877,0.300001,-0.0348308
-4.85694,-1.08684,0.0266644,0.300001,-0.0501013
-4.84794,-1.0866,0.0261992,0.300001,-0.0634737
-4.83894,-1.08636,0.0256094,0.300001,-0.0747455
-4.82995,-1.08613,0.0249146,0.300001,-0.083524
-4.82095,-1.08591,0.0241379,0.300001,-0.0894957
-4.81195,-1.08569,0.0233053,0.300001,-0.0923893
-4.80295,-1.08548,0.0224456,0.300001,-0.0921884
-4.79396,-1.08528,0.0215878,0.300001,-0.0888803
-4.78496,-1.08508,0.0207609,0.300001,-0.0826648
-4.77596,-1.0849,0.0199922,0.300001,-0.0736783
-4.76696,-1.08472,0.0193073,0.300001,-0.0622091
-4.75796,-1.08454,0.0187294,0.300001,-0.0488624
-4.74896,-1.08437,0.0182757,0.300001,-0.0338831
-4.73997,-1.08421,0.0179612,0.300001,-0.0177693
-4.73097,-1.08405,0.0177963,0.300001,-0.00106413
-4.72197,-1.08389,0.0177864,0.300001,0.0153787
-4.71297,-1.08373,0.0179291,0.300001,0.0312844
-4.70397,-1.08357,0.0182195,0.300001,0.0461055
-4.69497,-1.0834,0.0186476,0.300001,0.0590995
-4.68597,-1.08323,0.0191965,0.300001,0.0700653
-4.67698,-1.08306,0.0198477,0.300001,0.0786125
-4.66798,-1.08288,0.0205786,0.300001,0.0843303
-4.65898,-1.0827,0.0213629,0.300001,0.087151
-4.64998,-1.08251,0.0221736,0.300001,0.0869586
-4.64098,-1.08231,0.0229825,0.300001,0.0837401
-4.63199,-1.0821,0.0237613,0.300001,0.0776945
-4.62299,-1.08188,0.0244836,0.300001,0.068957
-4.61399,-1.08166,0.0251244,0.300001,0.0578143
-4.60499,-1.08144,0.0256614,0.300001,0.0448671
-4.596,-1.08121,0.026078,0.300001,0.0303578
-4.587,-1.08097,0.0263598,0.300001,0.0147803
-4.578,-1.08074,0.0264969,0.300001,-0.0010511
-4.56901,-1.0805,0.0264872,0.300001,-0.0168617
-4.56001,-1.08026,0.0263307,0.300001,-0.0321023
-4.55101,-1.08002,0.0260327,0.300001,-0.0462357
-4.54202,-1.07979,0.0256034,0.300001,-0.0585392
-4.53302,-1.07956,0.0250597,0.300001,-0.0688186
-4.52402,-1.07933,0.0244201,0.300001,-0.0766992
-4.51502,-1.07911,0.0237071,0.300001,-0.0817956
-4.50603,-1.0789,0.0229465,0.300001,-0.0840489
-4.49703,-1.07869,0.0221648,0.300001,-0.0833608
-4.48803,-1.07849,0.0213895,0.300001,-0.0797998
-4.47903,-1.0783,0.0206476,0.300001,-0.0734603
-4.47003,-1.07811,0.0199647,0.300001,-0.0645482
-4.46104,-1.07793,0.019365,0.300001,-0.0533637
-4.45204,-1.07776,0.0188694,0.300001,-0.0405215
-4.44304,-1.07759,0.0184932,0.300001,-0.0262662
-4.43404,-1.07742,0.0182495,0.300001,-0.0110947
-4.42504,-1.07726,0.0181465,0.300001,0.00418331
-4.41604,-1.0771,0.0181853,0.300001,0.0192981
-4.40705,-1.07693,0.0183644,0.300001,0.0337112
-4.39805,-1.07677,0.0186773,0.300001,0.0466693
-4.38905,-1.0766,0.0191106,0.300001,0.0579597
-4.38005,-1.07643,0.019649,0.300001,0.0671681
-4.37105,-1.07625,0.0202732,0.300001,0.0739492
-4.36205,-1.07607,0.0209605,0.300001,0.0779681
-4.35306,-1.07588,0.0216854,0.300001,0.0791836
-4.34406,-1.07568,0.0224217,0.300001,0.077533
-4.33506,-1.07548,0.0231425,0.300001,0.073137
-4.32606,-1.07527,0.0238223,0.300001,0.0661058
-4.31706,-1.07506,0.0244365,0.300001,0.056676
-4.30807,-1.07484,0.024963,0.300001,0.0453799
-4.29907,-1.07462,0.0253843,0.300001,0.0324413
-4.29007,-1.07439,0.0256854,0.300001,0.0183164
-4.28108,-1.07416,0.0258554,0.300001,0.00351056
-4.27208,-1.07392,0.025888,0.300001,-0.0111704
-4.26308,-1.07369,0.0257843,0.300001,-0.0254635
-4.25409,-1.07346,0.025548,0.300001,-0.038846
-4.24509,-1.07323,0.0251874,0.300001,-0.0506049
-4.23609,-1.073,0.0247175,0.300001,-0.0605457
-4.22709,-1.07278,0.024155,0.300001,-0.0682926
-4.2181,-1.07256,0.0235204,0.300001,-0.0734502
-4.2091,-1.07235,0.0228376,0.300001,-0.0759541
-4.2001,-1.07214,0.0221316,0.300001,-0.0756941
-4.1911,-1.07195,0.0214279,0.300001,-0.0726611
-4.18211,-1.07175,0.0207525,0.300001,-0.0670532
-4.17311,-1.07157,0.0201294,0.300001,-0.0590034
-4.16411,-1.07138,0.0195814,0.300001,-0.0487929
-4.15511,-1.07121,0.0191283,0.300001,-0.0370062
-4.14611,-1.07104,0.0187848,0.300001,-0.0238778
-4.13711,-1.07087,0.0185632,0.300001,-0.00988388
-4.12812,-1.0707,0.0184715,0.300001,0.00419848
-4.11912,-1.07053,0.0185104,0.300001,0.0181102
-4.11012,-1.07037,0.0186785,0.300001,0.0313351
-4.10112,-1.0702,0.0189693,0.300001,0.0433753
-4.09212,-1.07003,0.019372,0.300001,0.0535785
-4.08312,-1.06985,0.0198696,0.300001,0.0617765
-4.07412,-1.06968,0.0204435,0.300001,0.0676482
-4.06513,-1.06949,0.0210721,0.300001,0.0708947
-4.05613,-1.0693,0.021731,0.300001,0.071486
-4.04713,-1.06911,0.0223954,0.300001,0.0693815
-4.03813,-1.0689,0.0230402,0.300001,0.0647298
-4.02914,-1.0687,0.0236417,0.300001,0.0576483
-4.02014,-1.06848,0.0241771,0.300001,0.0483866
-4.01114,-1.06827,0.0246264,0.300001,0.0372802
-4.00214,-1.06805,0.0249725,0.300001,0.0249735
-3.99315,-1.06782,0.0252043,0.300001,0.0117121
-3.98415,-1.06759,0.0253129,0.300001,-0.00200858
-3.97515,-1.06737,0.0252943,0.300001,-0.0154133
-3.96615,-1.06714,0.0251513,0.300001,-0.0282538
-3.95716,-1.06691,0.0248891,0.300001,-0.0400388
-3.94816,-1.06669,0.0245174,0.300001,-0.0501179
-3.93916,-1.06647,0.024052,0.300001,-0.0583206
-3.93017,-1.06625,0.0235102,0.300001,-0.0643211
-3.92117,-1.06604,0.0229126,0.300001,-0.0678733
-3.91217,-1.06583,0.0222819,0.300001,-0.0688045
-3.90317,-1.06563,0.0216425,0.300001,-0.0671283
-3.89417,-1.06544,0.0210187,0.300001,-0.0628908
-3.88518,-1.06525,0.0204344,0.300001,-0.0563643
-3.87618,-1.06507,0.0199109,0.300001,-0.0477016
-3.86718,-1.06489,0.0194679,0.300001,-0.0372215
-3.85818,-1.06471,0.0191224,0.300001,-0.0255435
-3.84918,-1.06454,0.0188854,0.300001,-0.0129057
-3.84018,-1.06437,0.0187656,0.300001,0.000211826
-3.83119,-1.0642,0.0187676,0.300001,0.0133035
-3.82219,-1.06403,0.018891,0.300001,0.0256173
-3.81319,-1.06386,0.0191288,0.300001,0.0369247
-3.80419,-1.06369,0.0194715,0.300001,0.0467786
-3.79519,-1.06351,0.0199059,0.300001,0.0546283
-3.78619,-1.06333,0.0204132,0.300001,0.0603457
-3.7772,-1.06315,0.0209738,0.300001,0.063692
-3.7682,-1.06296,0.0215656,0.300001,0.0645025
-3.7592,-1.06277,0.0221649,0.300001,0.0627923
-3.7502,-1.06257,0.0227483,0.300001,0.0586104
-3.7412,-1.06236,0.0232927,0.300001,0.0521041
-3.73221,-1.06215,0.0237766,0.300001,0.0436815
-3.72321,-1.06194,0.0241821,0.300001,0.0335321
-3.71421,-1.06172,0.0244934,0.300001,0.0220441
-3.70521,-1.0615,0.024698,0.300001,0.0099048
-3.69622,-1.06128,0.0247899,0.300001,-0.00263934
-3.68722,-1.06106,0.0247654,0.300001,-0.0150957
-3.67822,-1.06083,0.0246253,0.300001,-0.0267366
-3.66923,-1.06061,0.0243772,0.300001,-0.0373431
-3.66023,-1.06039,0.0240305,0.300001,-0.0464873
-3.65123,-1.06018,0.0235989,0.300001,-0.0537931
-3.64223,-1.05996,0.0230993,0.300001,-0.0588514
-3.63324,-1.05976,0.0225526,0.300001,-0.0615892
-3.62424,-1.05955,0.0219804,0.300001,-0.0618797
-3.61524,-1.05936,0.0214056,0.300001,-0.0597361
-3.60624,-1.05916,0.0208506,0.300001,-0.055232
-3.59724,-1.05898,0.0203377,0.300001,-0.0485312
-3.58825,-1.05879,0.019887,0.300001,-0.040059
-3.57925,-1.05861,0.0195151,0.300001,-0.0300076
-3.57025,-1.05844,0.0192366,0.300001,-0.0187694
-3.56125,-1.05826,0.0190625,0.300001,-0.00679046
-3.55225,-1.05809,0.0189994,0.300001,0.0052029
-3.54325,-1.05792,0.0190477,0.300001,0.0169686
-3.53426,-1.05775,0.0192052,0.300001,0.0280278
-3.52526,-1.05758,0.0194653,0.300001,0.0377261
-3.51626,-1.0574,0.0198155,0.300001,0.0458842
-3.50726,-1.05722,0.0202415,0.300001,0.0521586
-3.49826,-1.05704,0.0207259,0.300001,0.0561954
-3.48926,-1.05686,0.0212479,0.300001,0.057941
-3.48027,-1.05666,0.0217861,0.300001,0.0573069
-3.47127,-1.05647,0.0223184,0.300001,0.0543015
-3.46227,-1.05627,0.0228227,0.300001,0.0491378
-3.45327,-1.05606,0.023279,0.300001,0.0419499
-3.44428,-1.05585,0.0236684,0.300001,0.033019
-3.43528,-1.05564,0.0239749,0.300001,0.0229108
-3.42628,-1.05542,0.0241875,0.300001,0.0118486
-3.41728,-1.05521,0.0242975,0.300001,0.000281148
-3.40829,-1.05499,0.0243001,0.300001,-0.01108
-3.39929,-1.05477,0.0241973,0.300001,-0.0220036
-3.39029,-1.05455,0.0239931,0.300001,-0.032035
-3.38129,-1.05434,0.0236957,0.300001,-0.0407496
-3.3723,-1.05412,0.0233174,0.300001,-0.0476278
-3.3633,-1.05391,0.0228752,0.300001,-0.0525499
-3.3543,-1.05371,0.0223872,0.300001,-0.0552951
-3.3453,-1.0535,0.0218736,0.300001,-0.0557222
-3.33631,-1.05331,0.021356,0.300001,-0.0538526
-3.32731,-1.05312,0.0208559,0.300001,-0.0497472
-3.31831,-1.05293,0.0203939,0.300001,-0.0436893
-3.30931,-1.05274,0.0199883,0.300001,-0.0358317
-3.30031,-1.05256,0.0196557,0.300001,-0.0264907
-3.29131,-1.05239,0.0194099,0.300001,-0.0160497
-3.28232,-1.05221,0.0192609,0.300001,-0.00517516
-3.27332,-1.05204,0.0192129,0.300001,0.00589749
-3.26432,-1.05187,0.0192676,0.300001,0.0167009
-3.25532,-1.05169,0.0194226,0.300001,0.0265628
-3.24632,-1.05152,0.0196691,0.300001,0.0352866
-3.23732,-1.05134,0.0199967,0.300001,0.0424931
-3.22833,-1.05116,0.0203912,0.300001,0.0478616
-3.21933,-1.05098,0.0208356,0.300001,0.0510771
-3.21033,-1.05079,0.0213099,0.300001,0.0520993
-3.20133,-1.0506,0.0217938,0.300001,0.0508673
-3.19233,-1.0504,0.0222661,0.300001,0.0474892
-3.18334,-1.0502,0.0227071,0.300001,0.0420669
-3.17434,-1.05,0.0230976,0.300001,0.0348179
-3.16534,-1.04979,0.0234208,0.300001,0.026227
-3.15634,-1.04958,0.0236642,0.300001,0.0164977
-3.14735,-1.04937,0.0238173,0.300001,0.00604037
-3.13835,-1.04915,0.0238733,0.300001,-0.00469646
-3.12935,-1.04894,0.0238298,0.300001,-0.015021
-3.12035,-1.04872,0.0236904,0.300001,-0.0247141
-3.11136,-1.04851,0.023461,0.300001,-0.0333488
-3.10236,-1.0483,0.0231515,0.300001,-0.0403843
-3.09336,-1.04809,0.0227766,0.300001,-0.0456887
-3.08436,-1.04789,0.0223524,0.300001,-0.0490165
-3.07537,-1.04768,0.0218972,0.300001,-0.0501798
-3.06637,-1.04749,0.0214312,0.300001,-0.0491827
-3.05737,-1.04729,0.0209745,0.300001,-0.046052
-3.04837,-1.04711,0.0205469,0.300001,-0.040909
-3.03937,-1.04692,0.0201672,0.300001,-0.0341162
-3.03038,-1.04674,0.0198505,0.300001,-0.025847
-3.02138,-1.04656,0.0196106,0.300001,-0.0164557
-3.01238,-1.04638,0.0194579,0.300001,-0.00656975
-3.00338,-1.04621,0.019397,0.300001,0.00358447
-2.99438,-1.04603,0.0194302,0.300001,0.0135592
-2.98538,-1.04586,0.019556,0.300001,0.0227053
-2.97639,-1.04568,0.0197667,0.300001,0.0308307
-2.96739,-1.04551,0.0200529,0.300001,0.037566
-2.95839,-1.04532,0.0204016,0.300001,0.0425982
-2.94939,-1.04514,0.0207971,0.300001,0.0456184
-2.94039,-1.04495,0.0212207,0.300001,0.0465868
-2.93139,-1.04476,0.0216532,0.300001,0.0454431
-2.9224,-1.04457,0.0220751,0.300001,0.0422927
-2.9134,-1.04437,0.0224678,0.300001,0.0372351
-2.9044,-1.04417,0.0228134,0.300001,0.0304828
-2.8954,-1.04396,0.0230963,0.300001,0.0225078
-2.88641,-1.04375,0.0233052,0.300001,0.0135078
-2.87741,-1.04354,0.0234306,0.300001,0.00388081
-2.86841,-1.04333,0.0234666,0.300001,-0.00594037
-2.85941,-1.04312,0.0234114,0.300001,-0.015295
-2.85042,-1.04291,0.0232695,0.300001,-0.0239756
-2.84142,-1.0427,0.023047,0.300001,-0.0315807
-2.83242,-1.04249,0.0227539,0.300001,-0.0376144
-2.82342,-1.04229,0.0224047,0.300001,-0.0419605
-2.81442,-1.04209,0.0220152,0.300001,-0.0444061
-2.80543,-1.04189,0.0216029,0.300001,-0.0448134
-2.79643,-1.0417,0.0211868,0.300001,-0.0432022
-2.78743,-1.04151,0.0207857,0.300001,-0.0396299
-2.77843,-1.04132,0.0204178,0.300001,-0.0342457
-2.76943,-1.04113,0.0201,0.300001,-0.0274423
-2.76044,-1.04095,0.0198453,0.300001,-0.0193989
-2.75144,-1.04077,0.0196653,0.300001,-0.0104781
-2.74244,-1.0406,0.019568,0.300001,-0.001301
-2.73344,-1.04042,0.019556,0.300001,0.00791448
-2.72444,-1.04025,0.0196294,0.300001,0.0167405
-2.71545,-1.04007,0.0197848,0.300001,0.0245794
-2.70645,-1.03989,0.0200129,0.300001,0.0312617
-2.69745,-1.03971,0.020303,0.300001,0.0364665
-2.68845,-1.03953,0.0206415,0.300001,0.0399366
-2.67945,-1.03934,0.0210123,0.300001,0.0414574
-2.67045,-1.03915,0.0213971,0.300001,0.0410214
-2.66146,-1.03896,0.021778,0.300001,0.0386327
-2.65246,-1.03876,0.0221366,0.300001,0.0344856
-2.64346,-1.03857,0.0224567,0.300001,0.0287047
-2.63446,-1.03836,0.0227231,0.300001,0.0215496
-2.62547,-1.03816,0.0229231,0.300001,0.0135373
-2.61647,-1.03795,0.0230487,0.300001,0.00487155
-2.60747,-1.03775,0.0230939,0.300001,-0.00404284
-2.59847,-1.03754,0.0230564,0.300001,-0.0127823
-2.58947,-1.03733,0.0229378,0.300001,-0.0207362
-2.58048,-1.03712,0.0227453,0.300001,-0.0277243
-2.57148,-1.03692,0.022488,0.300001,-0.0334036
-2.56248,-1.03672,0.022178,0.300001,-0.0373938
-2.55348,-1.03652,0.0218309,0.300001,-0.0396235
-2.54449,-1.03632,0.021463,0.300001,-0.0399704
-2.53549,-1.03613,0.021092,0.300001,-0.0384382
-2.52649,-1.03594,0.0207352,0.300001,-0.0350922
-2.51749,-1.03575,0.0204094,0.300001,-0.0300784
-2.50849,-1.03557,0.0201303,0.300001,-0.0236262
-2.4995,-1.03539,0.019911,0.300001,-0.0162173
-2.4905,-1.03521,0.0197605,0.300001,-0.00804842
-2.4815,-1.03503,0.0196858,0.300001,0.000489137
-2.4725,-1.03485,0.0196904,0.300001,0.00877985
-2.4635,-1.03467,0.0197718,0.300001,0.016623
-2.4545,-1.0345,0.0199261,0.300001,0.0236319
-2.44551,-1.03432,0.0201454,0.300001,0.029317
-2.43651,-1.03414,0.0204175,0.300001,0.0335577
-2.42751,-1.03395,0.020729,0.300001,0.0361338
-2.41851,-1.03377,0.0210644,0.300001,0.0369035
-2.40951,-1.03358,0.0214069,0.300001,0.0358387
-2.40052,-1.03338,0.0217396,0.300001,0.0329945
-2.39152,-1.03319,0.0220459,0.300001,0.0284963
-2.38252,-1.03299,0.0223103,0.300001,0.0226962
-2.37352,-1.03279,0.0225209,0.300001,0.0157605
-2.36452,-1.03259,0.0226672,0.300001,0.00802352
-2.35553,-1.03238,0.0227416,0.300001,6.09049e-05
-2.34653,-1.03218,0.0227422,0.300001,-0.00792319
-2.33753,-1.03197,0.0226687,0.300001,-0.0155315
-2.32853,-1.03177,0.0225246,0.300001,-0.0223785
-2.31954,-1.03157,0.0223169,0.300001,-0.027972
-2.31054,-1.03137,0.0220573,0.300001,-0.0321885
-2.30154,-1.03117,0.0217585,0.300001,-0.0348036
-2.29254,-1.03097,0.0214355,0.300001,-0.0356489
-2.28354,-1.03078,0.0211046,0.300001,-0.0347305
-2.27455,-1.03059,0.0207822,0.300001,-0.0320795
-2.26555,-1.0304,0.0204845,0.300001,-0.0279191
-2.25655,-1.03022,0.0202253,0.300001,-0.0223801
-2.24755,-1.03003,0.0200177,0.300001,-0.0157312
-2.23855,-1.02985,0.0198717,0.300001,-0.00830242
-2.22955,-1.02968,0.0197947,0.300001,-0.000661863
-2.22056,-1.0295,0.0197885,0.300001,0.00698809
-2.21156,-1.02932,0.0198534,0.300001,0.0142554
-2.20256,-1.02914,0.0199856,0.300001,0.0206011
-2.19356,-1.02896,0.0201768,0.300001,0.025874
-2.18456,-1.02878,0.0204169,0.300001,0.0297934
-2.17557,-1.0286,0.0206934,0.300001,0.0320859
-2.16657,-1.02841,0.0209912,0.300001,0.0327173
-2.15757,-1.02822,0.0212949,0.300001,0.0316403
-2.14857,-1.02803,0.0215886,0.300001,0.0288957
-2.13957,-1.02783,0.0218568,0.300001,0.0247191
-2.13058,-1.02764,0.0220862,0.300001,0.0192448
-2.12158,-1.02744,0.0222648,0.300001,0.0127469
-2.11258,-1.02724,0.022383,0.300001,0.00573743
-2.10358,-1.02704,0.0224363,0.300001,-0.0015884
-2.09458,-1.02684,0.0224215,0.300001,-0.00885016
-2.08559,-1.02663,0.0223394,0.300001,-0.0154937
-2.07659,-1.02643,0.0221956,0.300001,-0.0213513
-2.06759,-1.02623,0.0219975,0.300001,-0.0261086
-2.05859,-1.02604,0.0217552,0.300001,-0.0295034
-2.0496,-1.02584,0.0214814,0.300001,-0.0312952
-2.0406,-1.02565,0.0211909,0.300001,-0.0314618
-2.0316,-1.02546,0.0208989,0.300001,-0.0299796
-2.0226,-1.02527,0.0206207,0.300001,-0.0269906
-2.0136,-1.02508,0.0203702,0.300001,-0.022601
-2.00461,-1.0249,0.0201604,0.300001,-0.0170321
-1.99561,-1.02472,0.0200024,0.300001,-0.0107363
-1.98661,-1.02454,0.0199028,0.300001,-0.00389761
-1.97761,-1.02436,0.0198666,0.300001,0.0031236
-1.96861,-1.02418,0.0198956,0.300001,0.0099503
-1.95961,-1.024,0.0199879,0.300001,0.0160488
-1.95062,-1.02382,0.0201368,0.300001,0.0212622
-1.94162,-1.02364,0.0203341,0.300001,0.0253005
-1.93262,-1.02346,0.0205689,0.300001,0.0278645
-1.92362,-1.02327,0.0208275,0.300001,0.0289077
-1.91462,-1.02308,0.0210958,0.300001,0.0283594
-1.90562,-1.02289,0.021359,0.300001,0.0262895
-1.89663,-1.0227,0.021603,0.300001,0.0227816
-1.88763,-1.02251,0.0218144,0.300001,0.0180133
-1.87863,-1.02231,0.0219816,0.300001,0.012235
-1.86963,-1.02211,0.0220951,0.300001,0.00592623
-1.86064,-1.02191,0.0221501,0.300001,-0.000725501
-1.85164,-1.02171,0.0221434,0.300001,-0.0073568
-1.84264,-1.02152,0.0220751,0.300001,-0.013436
-1.83364,-1.02132,0.0219504,0.300001,-0.0187999
-1.82464,-1.02112,0.021776,0.300001,-0.0231453
-1.81565,-1.02092,0.0215612,0.300001,-0.0261398
-1.80665,-1.02073,0.0213186,0.300001,-0.0277212
-1.79765,-1.02054,0.0210613,0.300001,-0.0277885
-1.78865,-1.02035,0.0208034,0.300001,-0.0263237
-1.77965,-1.02016,0.0205591,0.300001,-0.0234726
-1.77066,-1.01998,0.0203413,0.300001,-0.0193417
-1.76166,-1.01979,0.0201618,0.300001,-0.014151
-1.75266,-1.01961,0.0200305,0.300001,-0.00834253
-1.74366,-1.01943,0.0199531,0.300001,-0.00209573
-1.73466,-1.01925,0.0199337,0.300001,0.00424174
-1.72567,-1.01907,0.019973,0.300001,0.0101496
-1.71667,-1.01889,0.0200672,0.300001,0.0154632
-1.70767,-1.01871,0.0202107,0.300001,0.0198768
-1.69867,-1.01853,0.0203951,0.300001,0.0231299
-1.68967,-1.01835,0.0206098,0.300001,0.0249732
-1.68067,-1.01816,0.0208415,0.300001,0.0253772
-1.67168,-1.01797,0.021077,0.300001,0.0243049
-1.66268,-1.01778,0.0213026,0.300001,0.0218714
-1.65368,-1.01759,0.0215056,0.300001,0.018173
-1.64468,-1.0174,0.0216742,0.300001,0.0134102
-1.63568,-1.0172,0.0217986,0.300001,0.00799853
-1.62669,-1.01701,0.0218728,0.300001,0.00211071
-1.61769,-1.01681,0.0218924,0.300001,-0.0039187
-1.60869,-1.01661,0.0218561,0.300001,-0.00974032
-1.59969,-1.01642,0.0217657,0.300001,-0.0148671
-1.59069,-1.01622,0.0216277,0.300001,-0.0191561
-1.5817,-1.01603,0.02145,0.300001,-0.022349
-1.5727,-1.01583,0.0212426,0.300001,-0.0241955
-1.5637,-1.01564,0.021018,0.300001,-0.0246634
-1.5547,-1.01545,0.0207892,0.300001,-0.0237123
-1.5457,-1.01527,0.0205691,0.300001,-0.0214482
-1.53671,-1.01508,0.0203701,0.300001,-0.0179638
-1.52771,-1.0149,0.0202034,0.300001,-0.0134522
-1.51871,-1.01471,0.0200786,0.300001,-0.00817116
-1.50971,-1.01453,0.0200027,0.300001,-0.00258775
-1.50071,-1.01435,0.0199787,0.300001,0.0031193
-1.49172,-1.01417,0.0200077,0.300001,0.00861158
-1.48272,-1.01399,0.0200876,0.300001,0.0134204
-1.47372,-1.01381,0.0202121,0.300001,0.0174085
-1.46472,-1.01363,0.0203736,0.300001,0.0203298
-1.45572,-1.01345,0.0205623,0.300001,0.0219516
-1.44672,-1.01326,0.020766,0.300001,0.0222472
-1.43773,-1.01308,0.0209725,0.300001,0.0211858
-1.42873,-1.01289,0.0211691,0.300001,0.0188187
-1.41973,-1.0127,0.0213437,0.300001,0.0153767
-1.41073,-1.01251,0.0214864,0.300001,0.0109893
-1.40173,-1.01231,0.0215883,0.300001,0.00591364
-1.39274,-1.01212,0.0216432,0.300001,0.000607163
-1.38374,-1.01192,0.0216488,0.300001,-0.00475651
-1.37474,-1.01173,0.0216047,0.300001,-0.0098513
-1.36574,-1.01153,0.0215133,0.300001,-0.0142346
-1.35674,-1.01134,0.0213812,0.300001,-0.0177792
-1.34775,-1.01115,0.0212162,0.300001,-0.0202603
-1.33875,-1.01096,0.0210282,0.300001,-0.0215144
-1.32975,-1.01077,0.0208286,0.300001,-0.0214528
-1.32075,-1.01058,0.0206295,0.300001,-0.0201024
-1.31175,-1.01039,0.0204429,0.300001,-0.0175343
-1.30276,-1.01021,0.0202802,0.300001,-0.0140006
-1.29376,-1.01003,0.0201503,0.300001,-0.00963525
-1.28476,-1.00985,0.0200609,0.300001,-0.00470142
-1.27576,-1.00967,0.0200173,0.300001,0.000348836
-1.26676,-1.00949,0.0200205,0.300001,0.00534733
-1.25777,-1.00931,0.0200702,0.300001,0.00998192
-1.24877,-1.00912,0.0201628,0.300001,0.0139569
-1.23977,-1.00894,0.0202923,0.300001,0.016925
-1.23077,-1.00876,0.0204493,0.300001,0.0188061
-1.22177,-1.00858,0.0206238,0.300001,0.0194706
-1.21277,-1.00839,0.0208045,0.300001,0.0188815
-1.20378,-1.0082,0.0209797,0.300001,0.0170829
-1.19478,-1.00802,0.0211383,0.300001,0.0141768
-1.18578,-1.00782,0.0212698,0.300001,0.0104493
-1.17678,-1.00763,0.0213668,0.300001,0.00604222
-1.16778,-1.00744,0.0214228,0.300001,0.00122926
-1.15879,-1.00725,0.0214342,0.300001,-0.00368386
-1.14979,-1.00706,0.0214,0.300001,-0.00824218
-1.14079,-1.00686,0.0213236,0.300001,-0.012296
-1.13179,-1.00667,0.0212095,0.300001,-0.0155785
-1.12279,-1.00648,0.0210649,0.300001,-0.0178012
-1.1138,-1.00629,0.0208997,0.300001,-0.0189082
-1.1048,-1.0061,0.0207243,0.300001,-0.0188168
-1.0958,-1.00592,0.0205497,0.300001,-0.0175587
-1.0868,-1.00573,0.0203867,0.300001,-0.0152008
-1.0778,-1.00555,0.0202457,0.300001,-0.0118854
-1.06881,-1.00537,0.0201354,0.300001,-0.00782084
-1.05981,-1.00518,0.0200628,0.300001,-0.00340365
-1.05081,-1.005,0.0200313,0.300001,0.00120302
-1.04181,-1.00482,0.0200424,0.300001,0.00569734
-1.03281,-1.00464,0.0200953,0.300001,0.00965838
-1.02381,-1.00446,0.0201849,0.300001,0.0129562
-1.01482,-1.00428,0.0203051,0.300001,0.015366
-1.00582,-1.0041,0.0204477,0.300001,0.016678
-0.99682,-1.00391,0.0206025,0.300001,0.0168673
-0.987822,-1.00373,0.020759,0.300001,0.0159103
-0.978824,-1.00354,0.0209066,0.300001,0.01386
-0.969826,-1.00335,0.0210352,0.300001,0.0109343
-0.960828,-1.00316,0.0211367,0.300001,0.00725752
-0.95183,-1.00297,0.021204,0.300001,0.0030699
-0.942832,-1.00278,0.0212325,0.300001,-0.00121679
-0.933834,-1.00259,0.0212212,0.300001,-0.00544387
-0.924836,-1.0024,0.0211707,0.300001,-0.00932508
-0.915838,-1.00221,0.0210842,0.300001,-0.0124943
-0.90684,-1.00202,0.0209682,0.300001,-0.0148496
-0.897842,-1.00183,0.0208304,0.300001,-0.0162233
-0.888844,-1.00164,0.0206799,0.300001,-0.0165115
-0.879846,-1.00146,0.0205267,0.300001,-0.0157082
-0.870848,-1.00127,0.0203809,0.300001,-0.0138663
-0.861849,-1.00109,0.0202523,0.300001,-0.0111022
-0.852851,-1.00091,0.0201493,0.300001,-0.00770476
-0.843853,-1.00073,0.0200778,0.300001,-0.00381498
-0.834855,-1.00055,0.0200424,0.300001,0.00030333
-0.825857,-1.00037,0.0200452,0.300001,0.00436477
-0.816858,-1.00019,0.0200857,0.300001,0.00796933
-0.80786,-1,0.0201596,0.300001,0.0109879
-0.798862,-0.999823,0.0202616,0.300001,0.0132032
-0.789864,-0.999641,0.0203841,0.300001,0.0144124
-0.780866,-0.999457,0.0205178,0.300001,0.0145901
-0.771867,-0.999273,0.0206532,0.300001,0.0137135
-0.762869,-0.999087,0.0207805,0.300001,0.0118918
-0.753871,-0.9989,0.0208908,0.300001,0.00921585
-0.744873,-0.998712,0.0209763,0.300001,0.00586608
-0.735875,-0.998523,0.0210307,0.300001,0.00207517
-0.726877,-0.998334,0.02105,0.300001,-0.00176649
-0.717879,-0.998144,0.0210336,0.300001,-0.00550516
-0.708881,-0.997955,0.0209825,0.300001,-0.00887197
-0.699883,-0.997766,0.0209002,0.300001,-0.0115354
-0.690885,-0.997578,0.0207932,0.300001,-0.0134042
-0.681887,-0.997391,0.0206688,0.300001,-0.0143362
-0.672889,-0.997205,0.0205358,0.300001,-0.0142571
-0.663891,-0.99702,0.0204035,0.300001,-0.0131918
-0.654892,-0.996836,0.0202811,0.300001,-0.0112076
-0.645894,-0.996654,0.0201771,0.300001,-0.00844055
-0.636896,-0.996472,0.0200988,0.300001,-0.00519049
-0.627898,-0.996292,0.0200506,0.300001,-0.00160141
-0.6189,-0.996111,0.0200357,0.300001,0.00206704
-0.609901,-0.995931,0.0200549,0.300001,0.00543705
-0.600903,-0.99575,0.0201054,0.300001,0.00837586
-0.591905,-0.995569,0.0201831,0.300001,0.0106634
-0.582907,-0.995388,0.020282,0.300001,0.0120785
-0.573909,-0.995205,0.0203941,0.300001,0.0125814
-0.56491,-0.995022,0.0205108,0.300001,0.0121265
-0.555912,-0.994837,0.0206234,0.300001,0.0107385
-0.546914,-0.994651,0.020723,0.300001,0.0085824
-0.537916,-0.994465,0.0208026,0.300001,0.00576671
-0.528918,-0.994278,0.0208561,0.300001,0.00249621
-0.51992,-0.99409,0.0208793,0.300001,-0.000878255
-0.510922,-0.993902,0.0208711,0.300001,-0.00420994
-0.501924,-0.993714,0.0208321,0.300001,-0.00724806
-0.492926,-0.993527,0.0207648,0.300001,-0.00968158
-0.483928,-0.99334,0.020675,0.300001,-0.0114191
-0.47493,-0.993154,0.020569,0.300001,-0.0123231
-0.465931,-0.992969,0.0204547,0.300001,-0.012317
-0.456933,-0.992785,0.0203404,0.300001,-0.0114217
-0.447935,-0.992602,0.0202344,0.300001,-0.00969656
-0.438937,-0.99242,0.0201445,0.300001,-0.00726615
-0.429939,-0.992238,0.020077,0.300001,-0.00440351
-0.42094,-0.992058,0.0200362,0.300001,-0.00124548
-0.411942,-0.991877,0.0200246,0.300001,0.00196791
-0.402944,-0.991697,0.0200429,0.300001,0.00489439
-0.393946,-0.991517,0.0200883,0.300001,0.0074096
-0.384948,-0.991336,0.0201571,0.300001,0.00931591
-0.375949,-0.991155,0.0202435,0.300001,0.0104593
-0.366951,-0.990972,0.0203405,0.300001,0.0114295
-0.357953,-0.990789,0.0204466,0.300001,0.0114826
-0.348955,-0.990605,0.0205531,0.300001,0.0106063
-0.339957,-0.99042,0.0206516,0.300001,0.011357
-0.330959,-0.990234,0.0207569,0.300001,0.0111944
-0.321961,-0.990048,0.0208608,0.300001,0.0101234
-0.312962,-0.98986,0.0209547,0.300001,0.012961
-0.303964,-0.989671,0.021075,0.300001,0.0147532
-0.294966,-0.989482,0.0212119,0.300001,0.0153503
-0.285968,-0.989291,0.0213543,0.300001,0.0146949
-0.27697,-0.989099,0.0214907,0.300001,0.0196013
-0.267972,-0.988905,0.0216726,0.300001,0.022922
-0.258975,-0.98871,0.0218853,0.300001,0.0243798
-0.249977,-0.988513,0.0221115,0.300001,0.0322633
-0.240979,-0.988314,0.022411,0.300001,0.037561
-0.231981,-0.988113,0.0227597,0.300001,0.0398304
-0.222983,-0.987908,0.0231294,0.300001,0.0487174
-0.213986,-0.9877,0.0235818,0.300001,0.0537323
-0.204988,-0.987487,0.0240808,0.300001,0.0544447
-0.195991,-0.987271,0.0245865,0.300001,0.0507623
-0.186993,-0.987049,0.0250579,0.300001,0.0543252
-0.177996,-0.986824,0.0255624,0.300001,0.0535533
-0.168999,-0.986594,0.0260598,0.300001,0.0484728
-0.160002,-0.986359,0.0265099,0.300001,0.0517803
-0.151005,-0.986121,0.0269908,0.300001,0.050966
-0.142009,-0.985878,0.0274641,0.300001,0.0460607
-0.133012,-0.985631,0.0278917,0.300001,0.108336
-0.124015,-0.98538,0.0289009,0.300001,0.102025
-0.115019,-0.98512,0.0298508,0.300001,0.0875721
-0.106023,-0.984851,0.0306654,0.300001,0.0660865
-0.0970273,-0.984575,0.0312795,0.300001,0.145518
-0.0880317,-0.984294,0.0326393,0.300001,0.117423
-0.0790365,-0.984,0.0337338,0.300001,0.079808
-0.0700416,-0.983696,0.0344758,0.300001,0.106121
-0.0610469,-0.983386,0.0354642,0.300001,0.0658963
-0.0520525,-0.983067,0.0360765,0.300001,0.0203941
-0.0430583,-0.982742,0.0362657,0.300001,-0.0113198
-0.0340642,-0.982416,0.0361607,0.300001,-0.0417402
-0.0250701,-0.982091,0.0357732,0.300001,-0.0685967
-0.0160758,-0.981769,0.0351357,0.300001,-0.0896191
-0.0070813,-0.981453,0.034302,0.300001,-0.102985
0.00191343,-0.981144,0.0333431,0.300001,-0.107496
0.0109085,-0.980844,0.0323418,0.300001,-0.102707
0.0199038,-0.980553,0.0313855,0.300001,-0.0756093
0.0288994,-0.980271,0.0306826,0.300001,-0.0420231
0.0378952,-0.979994,0.0302925,0.300001,-0.0050383
0.0468911,-0.979722,0.0302457,0.300001,0.0321581
0.055887,-0.97945,0.0305442,0.300001,0.0663082
0.0648828,-0.979175,0.0311603,0.300001,0.107428
0.0738784,-0.978894,0.0321609,0.300001,0.139281
0.0828738,-0.978605,0.0334617,0.300001,0.158768
0.0918688,-0.978304,0.0349473,0.300001,0.164076
0.100863,-0.97799,0.0364835,0.300001,0.169222
0.109857,-0.977661,0.0380687,0.300001,0.159821
0.118851,-0.977319,0.0395644,0.300001,0.136415
0.127844,-0.976963,0.040838,0.300001,0.101059
0.136836,-0.976595,0.0417789,0.300001,0.0569159
0.145829,-0.976219,0.0423075,0.300001,0.0242136
0.154821,-0.975839,0.0425322,0.300001,-0.0101826
0.163812,-0.975456,0.0424377,0.300001,-0.0434431
0.172804,-0.975074,0.0420344,0.300001,-0.0725709
0.181796,-0.974696,0.0413599,0.300001,-0.0795939
0.190789,-0.974324,0.0406198,0.300001,-0.079333
0.199781,-0.973958,0.0398822,0.300001,-0.0719982
0.208774,-0.9736,0.039213,0.300001,-0.0582301
0.217767,-0.973247,0.0386721,0.300001,-0.0254158
0.226761,-0.972899,0.0384362,0.300001,0.00963729
0.235754,-0.972553,0.0385257,0.300001,0.0435821
0.244747,-0.972206,0.0389303,0.300001,0.0733364
0.253741,-0.971856,0.0396119,0.300001,0.0961565
0.262734,-0.9715,0.0405069,0.300001,0.124192
0.271726,-0.971135,0.0416651,0.300001,0.141021
0.280718,-0.97076,0.0429823,0.300001,0.144851
0.28971,-0.970373,0.0443358,0.300001,0.135297
0.298701,-0.969975,0.0455988,0.300001,0.128836
0.307692,-0.969564,0.0468009,0.300001,0.110943
0.316682,-0.969143,0.0478345,0.300001,0.0830544
0.325672,-0.968713,0.0486069,0.300001,0.0477577
0.334661,-0.968276,0.0490503,0.300001,0.0245782
0.343651,-0.967834,0.0492784,0.300001,-0.000450254
0.35264,-0.967391,0.0492743,0.300001,-0.0252219
0.361629,-0.966948,0.0490402,0.300001,-0.0474355
0.370618,-0.966507,0.0485997,0.300001,-0.0650057
0.379607,-0.966069,0.0479957,0.300001,-0.0608115
0.388597,-0.965638,0.0474308,0.300001,-0.0508655
0.397587,-0.965211,0.0469585,0.300001,-0.0362791
0.406577,-0.964788,0.0466217,0.300001,-0.0184277
0.415567,-0.964369,0.0464507,0.300001,0.015548
0.424558,-0.963951,0.046595,0.300001,0.0479827
0.433548,-0.963532,0.0470405,0.300001,0.0756583
0.442538,-0.963109,0.0477438,0.300001,0.0959562
0.451528,-0.962679,0.0486369,0.300001,0.121834
0.460517,-0.962242,0.049773,0.300001,0.136327
0.469506,-0.961794,0.0510457,0.300001,0.137878
0.478494,-0.961335,0.0523332,0.300001,0.126358
0.487482,-0.960864,0.0535119,0.300001,0.102919
0.496469,-0.960382,0.0544702,0.300001,0.0862338
0.505456,-0.959892,0.0552723,0.300001,0.0617889
0.514442,-0.959395,0.0558463,0.300001,0.0317706
0.523428,-0.958893,0.0561412,0.300001,-0.000917703
0.532414,-0.958388,0.0561327,0.300001,-0.0167651
0.5414,-0.957883,0.0559771,0.300001,-0.0306957
0.550386,-0.957379,0.0556922,0.300001,-0.0415454
0.559372,-0.956878,0.0553065,0.300001,-0.048281
0.568358,-0.956381,0.0548582,0.300001,-0.0346793
0.577345,-0.955887,0.0545363,0.300001,-0.0177728
0.586331,-0.955397,0.0543714,0.300001,0.000651293
0.595318,-0.954908,0.0543774,0.300001,0.0188073
0.604305,-0.954419,0.0545519,0.300001,0.0349314
0.613291,-0.953928,0.0548762,0.300001,0.0629113
0.622278,-0.953434,0.0554607,0.300001,0.0847199
0.631264,-0.952935,0.0562486,0.300001,0.0981152
0.64025,-0.952429,0.0571619,0.300001,0.101836
0.649235,-0.951915,0.0581101,0.300001,0.111508
0.65822,-0.951392,0.059149,0.300001,0.110504
0.667204,-0.95086,0.0601785,0.300001,0.0988424
0.676188,-0.950319,0.0610986,0.300001,0.0777501
0.685171,-0.94977,0.0618214,0.300001,0.0657956
0.694154,-0.949214,0.0624328,0.300001,0.047818
0.703137,-0.948652,0.0628768,0.300001,0.0254732
0.712119,-0.948086,0.0631132,0.300001,0.000984858
0.721101,-0.947519,0.0631223,0.300001,-0.023221
0.730083,-0.946951,0.0629068,0.300001,-0.028418
0.739065,-0.946385,0.0626431,0.300001,-0.0306451
0.748048,-0.945822,0.0623587,0.300001,-0.0298445
0.75703,-0.945261,0.0620817,0.300001,-0.026132
0.766013,-0.944703,0.0618392,0.300001,-0.00395168
0.774996,-0.944146,0.0618025,0.300001,0.0184423
0.783978,-0.943591,0.0619736,0.300001,0.0387177
0.792961,-0.943033,0.062333,0.300001,0.0548927
0.801944,-0.942473,0.0628429,0.300001,0.0813759
0.810926,-0.941907,0.0635996,0.300001,0.0996833
0.819908,-0.941335,0.0645276,0.300001,0.10796
0.828889,-0.940755,0.0655332,0.300001,0.105498
0.83787,-0.940166,0.0665157,0.300001,0.0926862
0.84685,-0.939567,0.0673781,0.300001,0.0874013
0.85583,-0.938961,0.0681911,0.300001,0.0737576
0.864809,-0.938348,0.0688767,0.300001,0.0531024
0.873787,-0.937729,0.0693699,0.300001,0.0275846
0.882766,-0.937105,0.0696259,0.300001,0.0163093
0.891744,-0.936479,0.0697772,0.300001,0.00373473
0.900722,-0.935851,0.0698119,0.300001,-0.00899087
0.9097,-0.935224,0.0697285,0.300001,-0.0206129
0.918678,-0.934596,0.0695372,0.300001,-0.0136187
0.927657,-0.933971,0.0694108,0.300001,-0.00529917
0.936635,-0.933347,0.0693616,0.300001,0.00339468
0.945613,-0.932723,0.0693931,0.300001,0.0115879
0.954592,-0.932099,0.0695007,0.300001,0.01847
0.96357,-0.931474,0.069672,0.300001,0.0397962
0.972548,-0.930848,0.0700415,0.300001,0.056923
0.981526,-0.930218,0.0705702,0.300001,0.0681177
0.990504,-0.929583,0.0712032,0.300001,0.0723666
0.999481,-0.928943,0.0718758,0.300001,0.0858445
1.00846,-0.928297,0.0726743,0.300001,0.0907016
1.01743,-0.927643,0.0735182,0.300001,0.0865049
1.02641,-0.926982,0.0743228,0.300001,0.0738302
1.03539,-0.926314,0.0750091,0.300001,0.0706224
1.04436,-0.925639,0.0756654,0.300001,0.0605896
1.05333,-0.924959,0.0762283,0.300001,0.0447583
1.06231,-0.924273,0.0766439,0.300002,0.024797
1.07128,-0.923584,0.076874,0.30001,0.00274957
1.08026,-0.922893,0.0768995,0.300001,-0.00260573
1.08923,-0.922202,0.0768753,0.300001,-0.00754736
1.0982,-0.921511,0.0768053,0.300004,-0.011679
1.10718,-0.92082,0.0766969,0.300029,-0.014614
1.11615,-0.92013,0.0765613,0.300001,0.000483237
1.12512,-0.919442,0.0765658,0.300002,0.0152901
1.1341,-0.918754,0.0767077,0.300009,0.0282753
1.14307,-0.918064,0.0769701,0.300089,0.0381897
1.15205,-0.917372,0.0773247,0.300001,0.060699
1.16102,-0.916676,0.0778886,0.300003,0.0768318
1.16999,-0.915976,0.0786029,0.300025,0.0850436
1.17897,-0.915269,0.0793939,0.3003,0.0846667
1.18795,-0.914555,0.0801821,0.300001,0.0758408
1.19692,-0.913834,0.0808872,0.300008,0.0763466
1.20589,-0.913107,0.0815969,0.300077,0.0693403
1.21486,-0.912373,0.0822415,0.300001,0.055585
1.22383,-0.911634,0.0827578,0.300001,0.0363883
1.2328,-0.91089,0.0830956,0.300022,0.0307775
1.24177,-0.910143,0.0833812,0.300258,0.0222627
1.25075,-0.909392,0.083588,0.300001,0.0116354
1.25971,-0.908641,0.083696,0.300001,-0.000341829
1.26868,-0.907889,0.0836928,0.300067,0.00496895
1.27765,-0.907136,0.0837389,0.300912,0.00968851
1.28665,-0.906381,0.0838291,0.300001,0.0131531
1.29562,-0.905627,0.0839511,0.300001,0.0153148
1.30459,-0.904873,0.0840932,-0.688129,0.0289124
1.28402,-0.906607,0.0834777,0.300001,0.0525289
1.29298,-0.905856,0.0839656,0.300001,0.0535957
1.30195,-0.905101,0.0844633,-0.367424,0.0583361
1.29097,-0.906031,0.0837997,0.300003,0.0779522
1.29994,-0.905278,0.0845244,-0.121827,0.0784071
1.2963,-0.905587,0.0842284,0.195094,0.0778233
1.30213,-0.905094,0.0846989,-0.420731,0.0802872
1.28955,-0.906162,0.0836519,0.300002,0.101045
1.29852,-0.90541,0.0845927,0.0510068,0.0980715
1.30004,-0.905281,0.0847479,-0.210254,0.0968777
1.29376,-0.905815,0.0841159,0.300001,0.0957058
1.30273,-0.905058,0.0850067,-0.462424,0.0951004
1.2889,-0.906236,0.0836424,0.300002,0.115674
1.29787,-0.905484,0.0847205,0.129775,0.110035
1.30175,-0.905155,0.0851639,-0.395073,0.106606
1.28994,-0.906163,0.0838564,0.300002,0.124685
1.29891,-0.905409,0.0850193,0.00293048,0.117357
1.299,-0.905402,0.08503,-0.0974695,0.111329
1.29609,-0.90565,0.084693,0.227813,0.104754
1.3029,-0.905072,0.0854338,-0.505002,0.100002
1.2878,-0.906365,0.0838667,0.300002,0.118111
1.29677,-0.905611,0.0849677,0.264373,0.108055
1.30467,-0.904938,0.0858546,-0.710836,0.101461
1.28343,-0.906766,0.0836164,0.300001,0.122209
1.29239,-0.906015,0.0847559,0.300001,0.113474
1.30136,-0.905253,0.0858133,-0.296168,0.101813
1.29251,-0.906014,0.0848775,0.300001,0.092486
1.30148,-0.905251,0.0857381,-0.310032,0.0822176
1.29221,-0.906048,0.0849479,0.300001,0.0725305
1.30118,-0.905284,0.0856221,-0.273325,0.0634071
1.29301,-0.905985,0.0850854,0.300001,0.0526325
1.30198,-0.905221,0.0855742,-0.370467,0.0456753
1.2909,-0.90617,0.0850505,0.300003,0.0523029
1.29987,-0.905406,0.0855362,-0.113628,0.0424489
1.29647,-0.905697,0.0853869,0.175745,0.0305618
1.30173,-0.905248,0.0855531,-0.377522,0.0243556
1.29044,-0.906215,0.0852687,0.300003,0.0290897
1.29941,-0.905449,0.0855387,-0.0574608,0.0189338
1.29769,-0.905596,0.085505,0.0440512,0.00797294
1.29901,-0.905483,0.0855159,-0.0858268,-0.00119583
1.29644,-0.905703,0.085519,0.187761,-0.0137837
1.30206,-0.905222,0.085439,-0.413799,-0.0174358
1.28969,-0.906281,0.0856622,0.300002,-0.0160527
1.29865,-0.905511,0.0855132,0.0347639,-0.0262554
1.29969,-0.905422,0.085485,-0.171992,-0.0333018
1.29455,-0.905863,0.0856622,0.300001,-0.048274
1.30352,-0.905093,0.0852139,-0.55808,-0.0469828
1.28684,-0.906518,0.0860255,0.300002,-0.0488674
1.2958,-0.905744,0.0855717,0.300001,-0.0625873
1.30477,-0.904975,0.0849902,-0.710579,-0.0566566
1.28353,-0.906785,0.0862367,0.300001,-0.0605871
1.2925,-0.90601,0.0856738,0.300001,-0.0754594
1.30147,-0.90524,0.0849724,-0.307497,-0.0743455
1.29227,-0.906022,0.0856807,0.300001,-0.0887366
1.30124,-0.905252,0.0848552,-0.280013,-0.0864793
1.29287,-0.905964,0.085606,0.300001,-0.0998419
1.30184,-0.905195,0.0846765,-0.352633,-0.0945262
1.2913,-0.906089,0.0857105,0.300003,-0.0921595
1.30026,-0.905319,0.084853,-0.161003,-0.0913258
1.29545,-0.905728,0.085309,0.286061,-0.101211
1.304,-0.904997,0.0844105,-0.620499,-0.0895576
1.28545,-0.906567,0.0861338,0.300001,-0.0917679
1.29442,-0.905792,0.08528,0.300001,-0.101679
1.30339,-0.905026,0.0843333,-0.541457,-0.090233
1.2872,-0.906394,0.0858484,0.300002,-0.0894125
1.29617,-0.905622,0.0850166,0.300001,-0.0964274
1.30513,-0.904858,0.0841191,-0.754574,-0.0800383
1.28258,-0.90676,0.085991,0.300001,-0.0809264
1.29154,-0.905987,0.0852385,0.300001,-0.0908475
1.30051,-0.905221,0.0843933,-0.191471,-0.0848237
1.29479,-0.905705,0.0848968,0.300001,-0.0906837
1.30376,-0.904942,0.0840531,-0.586647,-0.0759032
1.28622,-0.906419,0.0854329,0.300001,-0.0709674
1.29519,-0.905651,0.0847733,0.300001,-0.0758767
1.30415,-0.904889,0.0840679,-0.635331,-0.0609139
1.28516,-0.90649,0.0852663,0.300001,-0.0545083
1.29413,-0.905723,0.0847601,0.300001,-0.059676
1.3031,-0.904961,0.0842057,-0.506717,-0.0481736
1.28795,-0.90624,0.0849613,0.300002,-0.0387911
1.29692,-0.905476,0.0846012,0.246228,-0.0416708
1.30428,-0.904852,0.0842837,-0.667064,-0.0292591
1.28434,-0.906537,0.0848875,0.300001,-0.0194605
1.2933,-0.905774,0.0847069,0.300001,-0.0248093
1.30227,-0.905012,0.0844767,-0.406631,-0.0181738
1.29012,-0.906042,0.0847052,0.300002,-0.00667247
1.29908,-0.90528,0.0846433,-0.0182238,-0.00718428
1.29854,-0.905326,0.0846474,-0.0479194,-0.0073802
1.29711,-0.905448,0.0846583,0.117746,-0.00984799
1.30063,-0.905149,0.0846225,-0.261312,-0.00694624
1.29281,-0.905812,0.0846786,0.300001,-0.0120712
1.30178,-0.905051,0.0845666,-0.347206,-0.00741501
1.2914,-0.90593,0.0846462,0.300003,0.00449777
1.30037,-0.905169,0.0846879,-0.175332,0.00534161
1.29513,-0.905614,0.084659,0.300001,0.000234638
1.3041,-0.904853,0.0846612,-0.629661,0.00732871
1.28528,-0.906451,0.0845184,0.300001,0.0203202
1.29424,-0.905691,0.084707,0.300001,0.0142496
1.30321,-0.904929,0.0848392,-0.521787,0.0177736
1.28761,-0.906256,0.0845524,0.300002,0.0301969
1.29658,-0.905496,0.0848326,0.286495,0.0229814
1.30515,-0.904768,0.0850363,-0.761935,0.0273754
1.28237,-0.906709,0.084391,0.300001,0.041331
1.29134,-0.90595,0.0847747,0.300001,0.0339165
1.30031,-0.905188,0.0850895,-0.167776,0.0297864
1.29529,-0.905616,0.0849349,0.300286,0.0212793
1.30427,-0.904852,0.0851326,-0.650651,0.0232364
1.28482,-0.906512,0.0846649,0.300001,0.0343678
1.29379,-0.905751,0.0849839,0.300001,0.0250612
1.30275,-0.904987,0.0852165,-0.466253,0.0236513
1.28882,-0.906177,0.0848754,0.300002,0.0325359
1.29778,-0.905414,0.0851774,0.139675,0.0235366
1.30196,-0.905058,0.0852791,-0.41789,0.0208646
1.28947,-0.906125,0.0850094,0.300002,0.0283823
1.29844,-0.905361,0.0852728,0.0601717,0.0194897
1.30023,-0.905208,0.085309,-0.231582,0.0141515
1.29331,-0.9058,0.0852077,0.300001,0.00300767
1.30228,-0.905034,0.0852356,-0.408395,0.00107516
1.29007,-0.906077,0.085222,0.300002,0.00672487
1.29904,-0.905311,0.0852844,-0.0134141,-0.000906543
1.29864,-0.905345,0.0852848,-0.0591691,-0.00783397
1.29687,-0.905496,0.0852991,0.142654,-0.0174082
1.30113,-0.905131,0.0852223,-0.316199,-0.0199997
1.29168,-0.905939,0.0854179,0.300004,-0.0160185
1.30065,-0.905171,0.0852693,-0.2097,-0.0204845
1.29438,-0.905707,0.0854021,0.300001,-0.0329888
1.30335,-0.904939,0.085096,-0.538584,-0.0310372
1.28725,-0.906312,0.0856131,0.300002,-0.0288996
1.29622,-0.905543,0.0853449,0.300001,-0.040592
1.30518,-0.904776,0.0849681,-0.762262,-0.0342199
1.2824,-0.906716,0.0857751,0.300001,-0.0337302
1.29137,-0.905945,0.085462,0.300001,-0.0469631
1.30033,-0.905177,0.085026,-0.170923,-0.0487924
1.29522,-0.905613,0.0852841,0.300968,-0.0594717
1.30422,-0.904843,0.0847299,-0.644239,-0.0517446
1.28496,-0.906479,0.0857618,0.300001,-0.0507788
1.29393,-0.905708,0.0852903,0.300001,-0.0616616
1.3029,-0.904941,0.0847174,-0.48326,-0.0558612
1.28845,-0.906168,0.0855532,0.300002,-0.0526128
1.29742,-0.905399,0.0850646,0.184264,-0.0593359
1.30293,-0.90493,0.084726,-0.521876,-0.0531702
1.28733,-0.906254,0.085585,0.300002,-0.0503118
1.29629,-0.905485,0.0851178,0.300001,-0.0591773
1.30526,-0.90472,0.0845681,-0.771467,-0.0480889
1.2822,-0.906675,0.0857164,0.300001,-0.0467168
1.29117,-0.905904,0.0852826,0.300001,-0.0577959
1.30013,-0.905138,0.0847458,-0.146709,-0.0567685
1.29575,-0.90551,0.0850036,0.252789,-0.0637009
1.3033,-0.904866,0.0845049,-0.547312,-0.0547799
1.28694,-0.906252,0.0854331,0.300002,-0.0502856
1.29591,-0.905484,0.0849662,0.300001,-0.0575968
1.30488,-0.904721,0.0844312,-0.724997,-0.0456996
1.28321,-0.906555,0.0854566,0.300001,-0.0416285
1.29217,-0.905787,0.0850701,0.300001,-0.0505497
1.30114,-0.905022,0.0846007,-0.269608,-0.0465299
1.29308,-0.905705,0.084989,0.300001,-0.0541834
1.30205,-0.904941,0.0844857,-0.380242,-0.0474312
1.29068,-0.905904,0.0850439,0.300003,-0.0389688
1.29965,-0.905139,0.0846822,-0.0880327,-0.0383689
1.29702,-0.905363,0.0847867,0.115502,-0.0415808
1.30047,-0.905069,0.0846381,-0.243817,-0.0384703
1.29318,-0.905688,0.0849283,0.300001,-0.0456444
1.30215,-0.904924,0.0845045,-0.392706,-0.0390984
1.29041,-0.905919,0.0849796,0.300003,-0.0301187
1.29938,-0.905155,0.0847001,-0.0550712,-0.0303138
1.29773,-0.905295,0.0847517,0.0383459,-0.032309
1.29888,-0.905197,0.0847134,-0.0731507,-0.0324055
1.29669,-0.905383,0.0847868,0.159701,-0.036313
1.30147,-0.904977,0.0846073,-0.351816,-0.0315736
1.29095,-0.905869,0.084951,0.300003,-0.0224397
1.29992,-0.905105,0.0847427,-0.120772,-0.0223821
1.29631,-0.905412,0.0848264,0.192218,-0.0273307
1.30205,-0.904923,0.0846638,-0.41362,-0.0225623
1.28969,-0.905973,0.0849525,0.300002,-0.0136192
1.29866,-0.905209,0.0848261,0.0328272,-0.0166226
1.29964,-0.905126,0.0848093,-0.167483,-0.0168153
1.29463,-0.905551,0.0848964,0.300001,-0.0240514
1.3036,-0.904788,0.0846732,-0.569599,-0.0174146
1.28657,-0.906233,0.08498,0.300002,-0.00885806
1.29554,-0.905469,0.0848978,0.300001,-0.0163061
1.30451,-0.904706,0.0847465,-0.68049,-0.00915424
1.28417,-0.906434,0.0849392,0.300001,-0.000323268
1.29313,-0.905671,0.0849362,0.300001,-0.00852649
1.3021,-0.904907,0.084857,-0.387274,-0.00652359
1.29052,-0.905892,0.0849352,0.300003,0.00228445
1.29949,-0.905128,0.0849564,-0.0693344,-0.00108261
1.29742,-0.905305,0.0849587,0.0718158,-0.00628631
1.29957,-0.905122,0.0849447,-0.147266,-0.00838479
1.29516,-0.905497,0.0849829,0.300001,-0.0166842
1.30413,-0.904733,0.0848281,-0.634853,-0.0109867
1.28515,-0.906347,0.0850438,0.300001,-0.00323235
1.29412,-0.905582,0.0850138,0.300001,-0.0121283
1.30309,-0.904818,0.0849013,-0.507916,-0.00895246
1.28791,-0.90611,0.0850419,0.300002,-0.00122397
1.29687,-0.905346,0.0850306,0.249684,-0.0094698
1.30434,-0.904709,0.0849575,-0.675405,-0.00475807
1.28415,-0.906429,0.0850568,0.300001,0.00273712
1.29312,-0.905664,0.0850822,0.300001,-0.00707967
1.30208,-0.904899,0.0850166,-0.385462,-0.00682275
1.29056,-0.905881,0.0850979,0.300003,0.000263672
1.29953,-0.905116,0.0851003,-0.0741037,-0.0045305
1.29731,-0.905305,0.0851107,0.0829817,-0.0114265
1.29979,-0.905094,0.0850814,-0.171962,-0.0145537
1.29465,-0.905532,0.0851588,0.300001,-0.0246197
1.30362,-0.904767,0.0849303,-0.572873,-0.020661
1.2865,-0.906224,0.0852964,0.300002,-0.0154
1.29546,-0.905458,0.0851535,0.300001,-0.0254433
1.30443,-0.904692,0.0849174,-0.671722,-0.0200439
1.28435,-0.906401,0.0853339,0.300001,-0.0151892
1.29332,-0.905634,0.0851929,0.300001,-0.0258047
1.30229,-0.904869,0.0849535,-0.41036,-0.0241894
1.29002,-0.905913,0.0852605,0.300002,-0.0184888
1.29899,-0.905147,0.085089,-0.00830885,-0.0236555
1.29874,-0.905168,0.085095,-0.0711389,-0.0280044
1.29661,-0.905349,0.0851567,0.169097,-0.0360532
1.30167,-0.904918,0.084968,-0.374412,-0.0348597
1.29048,-0.905871,0.0853719,0.300003,-0.0301324
1.29944,-0.905104,0.0850922,-0.0638245,-0.034382
1.29754,-0.905266,0.0851601,0.05884,-0.0409055
1.29929,-0.905116,0.0850856,-0.118467,-0.0442006
1.29575,-0.905418,0.0852477,0.259575,-0.0540768
1.30351,-0.904755,0.0848131,-0.571797,-0.0483148
1.28642,-0.906208,0.0856682,0.300001,-0.0464585
1.29539,-0.905438,0.0852368,0.300001,-0.0567883
1.30435,-0.904672,0.0847094,-0.662245,-0.0486962
1.28456,-0.906353,0.0857075,0.300001,-0.0472488
1.29353,-0.905583,0.0852688,0.300001,-0.0580298
1.30249,-0.904816,0.0847298,-0.435388,-0.0530908
1.28948,-0.905921,0.0854454,0.300002,-0.0487903
1.29845,-0.905153,0.0849923,0.0577494,-0.0532068
1.30017,-0.905006,0.0848972,-0.225777,-0.0528702
1.29342,-0.905581,0.0852667,0.300001,-0.0633693
1.30239,-0.904814,0.084678,-0.422864,-0.0579414
1.28975,-0.905887,0.0854366,0.300002,-0.0534556
1.29872,-0.905119,0.0849401,0.0246293,-0.0567977
1.29945,-0.905056,0.0848968,-0.14825,-0.0573996
1.29502,-0.905434,0.0851603,0.300001,-0.0666408
1.30399,-0.904668,0.084541,-0.617743,-0.0571578
1.28552,-0.906233,0.0856343,0.300001,-0.0547775
1.29449,-0.905463,0.0851255,0.300001,-0.063842
1.30346,-0.904698,0.0845323,-0.553051,-0.0551686
1.28692,-0.906099,0.0854769,0.300002,-0.0511651
1.29589,-0.90533,0.0850018,0.300001,-0.0588717
1.30486,-0.904566,0.0844549,-0.724072,-0.0472476
1.28321,-0.906399,0.0855138,0.300001,-0.0437865
1.29218,-0.90563,0.0851073,0.300001,-0.0530917
1.30115,-0.904865,0.0846142,-0.272039,-0.0491674
1.29302,-0.905555,0.0850282,0.300001,-0.0572195
1.30199,-0.90479,0.0844967,-0.373809,-0.050642
1.29081,-0.905737,0.0850827,0.300003,-0.0425619
1.29978,-0.904972,0.0846875,-0.105038,-0.0417605
1.29664,-0.905239,0.0848233,0.155305,-0.0458467
1.30128,-0.904844,0.0846029,-0.331842,-0.0411663
1.29136,-0.905685,0.0850257,0.300003,-0.0326696
1.30033,-0.904921,0.0847224,-0.172247,-0.0315571
1.29518,-0.905358,0.0848906,0.301278,-0.0384609
1.30419,-0.904592,0.084532,-0.641906,-0.0291335
1.285,-0.906218,0.0851106,0.300001,-0.0217616
1.29396,-0.905453,0.0849086,0.300001,-0.0292182
1.30293,-0.904689,0.0846375,-0.489684,-0.023177
1.28829,-0.905931,0.0849885,0.300002,-0.0146356
1.29726,-0.905167,0.0848527,0.201376,-0.0201336
1.30328,-0.904655,0.0847273,-0.562193,-0.0142785
1.28648,-0.906082,0.0849756,0.300002,-0.00577144
1.29544,-0.905319,0.0849221,0.300001,-0.0135802
1.30441,-0.904555,0.084796,-0.670283,-0.00717513
1.28438,-0.906258,0.0849448,0.300001,0.00152246
1.29334,-0.905495,0.0849589,0.300001,-0.00696614
1.30231,-0.904731,0.0848943,-0.414252,-0.00507161
1.28993,-0.905785,0.0849593,0.300002,0.00341959
1.2989,-0.905021,0.084991,0.00201537,-0.00130154
1.29896,-0.905016,0.0849909,-0.0953194,-0.00469867
1.29611,-0.905259,0.0850048,0.222673,-0.012321
1.30276,-0.904691,0.0849199,-0.492726,-0.00956953
1.28803,-0.905945,0.0850657,0.300002,-0.00211507
1.297,-0.905181,0.0850461,0.232871,-0.0103224
1.30396,-0.904587,0.0849718,-0.636019,-0.00629268
1.28495,-0.906206,0.0850955,0.300001,0.000787291
1.29392,-0.905442,0.0851029,0.300001,-0.0091777
1.30289,-0.904677,0.0850177,-0.484527,-0.00763377
1.2884,-0.905911,0.0851321,0.300002,-0.00092258
1.29737,-0.905146,0.0851235,0.187857,-0.00938847
1.30298,-0.904666,0.085069,-0.530592,-0.00778319
1.28712,-0.906019,0.0851967,0.300002,-0.00175164
1.29609,-0.905253,0.0851805,0.300001,-0.0123115
1.30506,-0.904487,0.0850662,-0.74968,-0.00776472
1.28265,-0.906398,0.0852463,0.300001,-0.0022511
1.29162,-0.905632,0.0852254,0.300001,-0.0136513
1.30059,-0.904866,0.0850987,-0.204197,-0.016535
1.29448,-0.905386,0.0852031,0.300001,-0.0270697
1.30345,-0.904621,0.0849519,-0.553173,-0.0235836
1.28691,-0.906029,0.0853555,0.300002,-0.0189271
1.29588,-0.905261,0.0851798,0.300001,-0.0291704
1.30485,-0.904496,0.0849091,-0.723784,-0.0229659
1.28321,-0.906337,0.0854233,0.300001,-0.019035
1.29218,-0.905569,0.0852466,0.300001,-0.0303174
1.30115,-0.904803,0.0849653,-0.272696,-0.0305689
1.293,-0.905497,0.0852232,0.300001,-0.041067
1.30196,-0.904731,0.0848419,-0.372054,-0.0385042
1.29084,-0.905677,0.0852852,0.300003,-0.0328226
1.29981,-0.90491,0.0849805,-0.109614,-0.0352733
1.29653,-0.905189,0.0851002,0.166044,-0.0425763
1.3015,-0.904766,0.0848814,-0.35561,-0.0406169
1.29087,-0.905671,0.0853284,0.300003,-0.0353526
1.29983,-0.904904,0.0850002,-0.11262,-0.0379241
1.29647,-0.90519,0.0851324,0.173074,-0.0456091
1.30164,-0.904749,0.0848881,-0.371141,-0.0434595
1.29055,-0.905693,0.0853872,0.300003,-0.0387639
1.29951,-0.904925,0.0850274,-0.0736899,-0.0420654
1.29731,-0.905113,0.0851233,0.0819184,-0.0483861
1.29976,-0.904904,0.0850006,-0.169498,-0.0500051
1.29469,-0.905336,0.085263,0.300001,-0.0605202
1.30366,-0.904569,0.0847008,-0.578909,-0.0533852
1.28636,-0.906039,0.0856575,0.300001,-0.051354
1.29532,-0.905269,0.0851806,0.300001,-0.0610342
1.30429,-0.904503,0.0846136,-0.655665,-0.0519668
1.28469,-0.906165,0.0856683,0.300001,-0.0500782
1.29366,-0.905395,0.0852033,0.300001,-0.0601396
1.30262,-0.904629,0.0846446,-0.452802,-0.0540671
1.28909,-0.905778,0.0854025,0.300002,-0.0493308
1.29806,-0.90501,0.0849445,0.103762,-0.0538675
1.30116,-0.904746,0.0847714,-0.33348,-0.0508186
1.29119,-0.905593,0.085296,0.300003,-0.0450226
1.30016,-0.904826,0.084878,-0.152323,-0.0456011
1.2956,-0.905214,0.085093,0.265989,-0.0539394
1.30355,-0.904536,0.0846488,-0.576591,-0.0464218
1.28632,-0.905998,0.0854772,0.300001,-0.0426247
1.29529,-0.90523,0.0850815,0.300001,-0.0514374
1.30425,-0.904465,0.0846038,-0.651579,-0.0425168
1.28478,-0.906117,0.0854611,0.300001,-0.0386254
1.29374,-0.905348,0.0851026,0.300001,-0.0478468
1.30271,-0.904583,0.0846583,-0.463645,-0.0420275
1.28885,-0.90576,0.0852613,0.300002,-0.0360372
1.29782,-0.904993,0.0849268,0.132466,-0.0410297
1.30178,-0.904656,0.0847586,-0.400724,-0.0372284
1.2898,-0.905674,0.0852202,0.300002,-0.0308997
1.29877,-0.904908,0.0849334,0.0167636,-0.0345558
1.29927,-0.904865,0.0849155,-0.129851,-0.0360772
1.29539,-0.905195,0.0850604,0.298967,-0.0446955
1.30432,-0.904433,0.0846469,-0.660663,-0.0362512
1.28457,-0.906109,0.0853879,0.300001,-0.0317114
1.29354,-0.905342,0.0850936,0.300001,-0.0409894
1.30251,-0.904577,0.0847131,-0.439325,-0.0362079
1.28938,-0.905692,0.0852052,0.300002,-0.0297437
1.29834,-0.904926,0.0849292,0.0682035,-0.0340524
1.30038,-0.904752,0.0848573,-0.250292,-0.033401
1.2929,-0.905389,0.085116,0.300001,-0.0427374
1.30187,-0.904624,0.0847192,-0.361283,-0.0390059
1.29107,-0.905541,0.0851553,0.300003,-0.0319626
1.30004,-0.904775,0.0848586,-0.138105,-0.0327906
1.29591,-0.905126,0.0849987,0.232762,-0.0399611
1.30287,-0.904534,0.0847109,-0.503222,-0.0343459
1.28782,-0.905811,0.0852456,0.300002,-0.028346
1.29679,-0.905045,0.0849826,0.257433,-0.0357183
1.30449,-0.904389,0.0846981,-0.693335,-0.0275733
1.28376,-0.906149,0.0852895,0.300001,-0.0221649
1.29273,-0.905382,0.0850838,0.300001,-0.0316326
1.30169,-0.904617,0.0847902,-0.340409,-0.0291488
1.29152,-0.905482,0.0850972,0.300003,-0.0216881
1.30049,-0.904717,0.0848959,-0.193274,-0.0223984
1.29471,-0.905209,0.0850298,0.300001,-0.0310056
1.30368,-0.904444,0.084742,-0.582062,-0.0248736
1.28628,-0.905922,0.0851899,0.300001,-0.0184694
1.29525,-0.905157,0.0850185,0.300001,-0.0271081
1.30421,-0.904392,0.0847669,-0.647469,-0.0204653
1.28486,-0.906037,0.0851768,0.300001,-0.0140074
1.29383,-0.905271,0.0850468,0.300001,-0.0231313
1.30279,-0.904507,0.0848322,-0.474539,-0.0195145
1.28861,-0.905713,0.0851186,0.300002,-0.0124669
1.29758,-0.904948,0.0850029,0.161374,-0.0191209
1.3024,-0.904537,0.0849075,-0.468516,-0.0164598
1.28839,-0.905729,0.085146,0.300002,-0.00976273
1.29736,-0.904963,0.0850554,0.18734,-0.0173658
1.30296,-0.904486,0.0849548,-0.529335,-0.0144489
1.28714,-0.905833,0.0851914,0.300002,-0.00826995
1.29611,-0.905068,0.0851146,0.300001,-0.0180407
1.30507,-0.904303,0.0849472,-0.752845,-0.0121179
1.28257,-0.906219,0.0852294,0.300001,-0.00638041
1.29154,-0.905453,0.0851702,0.300001,-0.0171558
1.3005,-0.904687,0.085011,-0.195862,-0.0191895
1.29465,-0.905186,0.0851273,0.300001,-0.0289013
1.30362,-0.904421,0.084859,-0.575214,-0.024147
1.28642,-0.905883,0.0852887,0.300001,-0.0188108
1.29539,-0.905117,0.0851141,0.300001,-0.0284493
1.30436,-0.904352,0.0848501,-0.665535,-0.0224329
1.28446,-0.906044,0.0853119,0.300001,-0.0173744
1.29343,-0.905277,0.0851507,0.300001,-0.0275633
1.3024,-0.904511,0.0848949,-0.426733,-0.0251544
1.28964,-0.905597,0.0852269,0.300002,-0.0191536
1.29861,-0.904831,0.0850492,0.0349697,-0.0245255
1.29966,-0.904742,0.0850227,-0.172486,-0.0268447
1.2945,-0.905181,0.0851659,0.300001,-0.0368296
1.30347,-0.904415,0.084824,-0.556936,-0.0317909
1.28682,-0.905831,0.0853718,0.300002,-0.0271913
1.29579,-0.905064,0.0851195,0.300001,-0.036686
1.30475,-0.904298,0.0847789,-0.713832,-0.0291276
1.28342,-0.906112,0.0854222,0.300001,-0.0251096
1.29238,-0.905344,0.0851891,0.300001,-0.0356916
1.30135,-0.904578,0.0848578,-0.29904,-0.0343999
1.29241,-0.905339,0.0851761,0.300001,-0.0443696
1.30138,-0.904573,0.0847642,-0.30242,-0.0418706
1.29234,-0.905341,0.085156,0.300001,-0.0514811
1.30131,-0.904575,0.0846779,-0.29349,-0.0480451
1.29253,-0.90532,0.0851144,0.300001,-0.057094
1.3015,-0.904555,0.0845841,-0.317101,-0.0522451
1.29202,-0.905359,0.0850969,0.300004,-0.0443474
1.30099,-0.904594,0.0846852,-0.254912,-0.0415917
1.29337,-0.905241,0.0850133,0.300001,-0.0496936
1.30234,-0.904476,0.0845518,-0.419085,-0.0433197
1.28981,-0.905538,0.0851136,0.300002,-0.0357709
1.29878,-0.904773,0.0847816,0.01466,-0.0377229
1.29921,-0.904736,0.0847645,-0.124927,-0.0376738
1.29548,-0.905053,0.0849101,0.288066,-0.0445537
1.30409,-0.90432,0.0845129,-0.636638,-0.0350332
1.28506,-0.905932,0.085203,0.300001,-0.0285866
1.29403,-0.905167,0.0849377,0.300001,-0.0362734
1.303,-0.904403,0.084601,-0.499602,-0.0296386
1.28806,-0.90567,0.0850591,0.300002,-0.0217793
1.29703,-0.904905,0.084857,0.227562,-0.0275848
1.30383,-0.904326,0.0846628,-0.623462,-0.0201617
1.28519,-0.905908,0.0850516,0.300001,-0.0124043
1.29416,-0.905143,0.0849365,0.300001,-0.0203902
1.30313,-0.90438,0.0847473,-0.516176,-0.0154054
1.2877,-0.905691,0.0849932,0.300002,-0.0071284
1.29667,-0.904927,0.0849271,0.271473,-0.0145397
1.30478,-0.904236,0.084805,-0.726397,-0.00754169
1.28307,-0.906082,0.0849744,0.300001,0.000788106
1.29204,-0.905318,0.0849818,0.300001,-0.0081392
1.301,-0.904554,0.0849062,-0.257241,-0.00845823
1.29331,-0.905208,0.0849735,0.300001,-0.0167976
1.30228,-0.904444,0.0848177,-0.412971,-0.0139769
1.28994,-0.905494,0.0849962,0.300002,-0.0057658
1.2989,-0.90473,0.0849427,-0.0014022,-0.00981297
1.29886,-0.904734,0.0849431,-0.0873141,-0.0127036
1.29625,-0.904956,0.0849774,0.204929,-0.0197108
1.30238,-0.904434,0.0848525,-0.453535,-0.0166731
1.28882,-0.905587,0.0850864,0.300002,-0.00936327
1.29779,-0.904822,0.0849995,0.134567,-0.0157157
1.30181,-0.90448,0.0849341,-0.405753,-0.0142449
1.28968,-0.905512,0.0851129,0.300002,-0.00726591
1.29865,-0.904747,0.0850454,0.0294933,-0.0127773
1.29953,-0.904672,0.0850338,-0.159673,-0.0156293
1.29476,-0.905079,0.085111,0.300001,-0.0252591
1.30373,-0.904314,0.0848766,-0.589211,-0.0206011
1.28611,-0.905812,0.085252,0.300001,-0.0149663
1.29508,-0.905046,0.0851132,0.300001,-0.024718
1.30405,-0.904281,0.0848838,-0.628538,-0.0196355
1.28526,-0.905879,0.0852655,0.300001,-0.0141622
1.29423,-0.905113,0.0851341,0.300001,-0.0242106
1.30319,-0.904348,0.0849094,-0.524555,-0.0207671
1.28751,-0.905682,0.0852464,0.300002,-0.0150745
1.29648,-0.904916,0.0851065,0.29362,-0.0245273
1.30526,-0.904167,0.0848837,-0.778164,-0.0174996
1.282,-0.906146,0.0853049,0.300001,-0.012483
1.29096,-0.90538,0.0851891,0.300001,-0.0233522
1.29993,-0.904614,0.0849724,-0.127,-0.0257791
1.29614,-0.904937,0.0850737,0.206792,-0.0335807
1.30232,-0.90441,0.0848588,-0.445815,-0.030445
1.28899,-0.905544,0.0852787,0.300002,-0.0249117
1.29796,-0.904777,0.0850475,0.11355,-0.0312012
1.30135,-0.904488,0.0849379,-0.356473,-0.0301163
1.2907,-0.905395,0.0852701,0.300003,-0.0245025
1.29966,-0.904628,0.0850427,-0.0944708,-0.028037
1.29684,-0.904869,0.0851246,0.130613,-0.0353434
1.30074,-0.904536,0.0849818,-0.277267,-0.0356758
1.29246,-0.905242,0.0852878,0.300001,-0.0468292
1.30142,-0.904475,0.084853,-0.308797,-0.0451616
1.29219,-0.90526,0.0852846,0.300001,-0.0560915
1.30116,-0.904494,0.0847636,-0.276617,-0.0537144
1.29289,-0.905196,0.0852236,0.300001,-0.0638307
1.30186,-0.90443,0.0846306,-0.361676,-0.0587822
1.29105,-0.905347,0.0852889,0.300003,-0.0528099
1.30002,-0.904581,0.0847984,-0.137091,-0.0526462
1.29592,-0.904929,0.0850218,0.230297,-0.0596827
1.3028,-0.904342,0.0845962,-0.497607,-0.0525802
1.28793,-0.905604,0.0854062,0.300002,-0.0479684
1.29689,-0.904836,0.0849608,0.243235,-0.0545826
1.30416,-0.904217,0.0845497,-0.659941,-0.044973
1.28444,-0.905889,0.0854683,0.300001,-0.0411646
1.2934,-0.90512,0.0850861,0.300001,-0.0502377
1.30237,-0.904356,0.0846196,-0.424402,-0.0445288
1.28968,-0.905432,0.0852045,0.300002,-0.0379448
1.29865,-0.904666,0.0848522,0.0287204,-0.0408124
1.29951,-0.904593,0.084816,-0.157842,-0.0408454
1.29479,-0.904994,0.0850155,0.300001,-0.0489835
1.30376,-0.90423,0.0845606,-0.593724,-0.0404676
1.28601,-0.905734,0.0853041,0.300001,-0.0350142
1.29498,-0.904967,0.0849791,0.300001,-0.0429774
1.30395,-0.904203,0.0845801,-0.616617,-0.0344898
1.28551,-0.905766,0.0852381,0.300001,-0.0284549
1.29448,-0.905,0.084974,0.300001,-0.0365289
1.30345,-0.904236,0.0846349,-0.556115,-0.0295404
1.28683,-0.905646,0.0851432,0.300002,-0.0226001
1.29579,-0.904881,0.0849334,0.300001,-0.0302494
1.30476,-0.904118,0.0846527,-0.716084,-0.0214883
1.28336,-0.905934,0.0851287,0.300001,-0.0145475
1.29232,-0.905169,0.0849937,0.300001,-0.0233066
1.30129,-0.904405,0.0847774,-0.293148,-0.0215203
1.29253,-0.905149,0.0849725,0.300001,-0.0296225
